;6209100;7112000;4729699;4789099;9430800;7319002;5611201;4781400;8211300;7490104;6201501;4774100;6462000;9602501;4120400;4110700;8230001;4520001;8630504;6810201;8112500;4755502;4321500;7711000;4930202;1412601;6822600;8599604;4712100;5620104;7111100;4511102;4530703;4744099;5611203;6920601;1091102;9602502;4541206;8219999;4619200;8630503;4772500;4771701;9313100;7020400;4752100;6821801;7911200;4789004;6622300;4751201;8610102;4723700;8550301;8513900;9491000;7319003;8291100;9511800;6204000;8650003;8650004;4754701
Zona_1;0;0;0;0;0;0;0;0;0;0;0;0;0;0;2;0;0;1;0;0;1;0;0;0;0;0;0;0;0;0;0;1;0;1;0;0;0;0;0;0;0;0;0;0;0;0;0;0;0;0;0;0;0;0;0;0;0;0;0;0;0;1;0;0
Zona_2;1;2;0;1;2;4;4;6;9;0;1;0;0;1;1;0;1;3;1;1;1;2;1;3;0;3;0;0;2;3;0;0;1;0;0;2;0;0;0;1;5;0;0;0;2;0;0;5;1;1;0;0;0;1;0;0;1;0;1;0;0;3;0;1
Zona_3;0;2;0;0;0;1;3;1;1;0;0;0;0;0;2;2;1;0;0;0;0;0;1;0;0;0;0;0;4;3;0;0;2;0;1;2;1;0;0;0;0;0;0;0;0;1;0;1;1;0;0;0;0;0;2;1;1;0;0;0;0;0;0;1
Zona_4;0;0;0;0;0;1;0;0;0;0;0;0;0;0;0;0;0;0;0;0;0;0;0;0;0;0;0;0;0;0;0;0;0;0;0;0;0;0;0;0;0;0;0;0;0;0;0;0;0;0;0;0;0;0;0;0;0;0;0;0;0;0;0;0
Zona_5;1;0;0;1;3;0;1;2;1;0;0;0;0;1;2;0;0;3;4;0;0;0;0;1;1;1;0;0;0;0;0;0;2;0;2;1;0;0;0;0;0;0;0;0;2;0;0;0;0;0;0;2;0;0;2;0;0;0;0;2;0;0;0;0
Zona_6;1;3;0;0;2;1;1;1;2;1;1;0;0;0;1;1;0;1;0;0;1;0;0;0;1;1;1;1;1;0;0;0;0;1;0;1;0;1;0;0;0;0;0;0;1;0;0;1;0;1;2;0;0;0;0;0;0;0;0;1;1;1;0;1
Zona_7;2;0;0;0;2;1;1;0;3;1;0;2;0;2;1;0;0;0;1;0;1;0;3;1;0;2;0;2;0;0;0;2;0;0;1;1;2;0;4;0;0;1;1;0;0;1;0;1;0;1;1;1;0;0;1;0;0;0;0;0;0;0;0;0
Zona_8;0;0;0;0;2;0;0;1;0;0;1;0;0;0;1;0;0;0;0;0;0;0;0;0;2;0;0;1;1;0;0;0;0;0;0;1;0;0;0;0;0;0;0;0;0;0;0;0;0;0;0;0;0;1;0;0;0;0;0;0;0;0;0;0
Zona_9;0;2;0;0;0;1;5;1;3;0;0;0;0;0;2;0;0;0;1;0;2;0;0;1;0;1;0;1;2;0;0;0;0;0;0;0;0;0;0;0;1;0;0;0;1;0;0;2;0;0;0;0;0;0;0;0;0;0;0;1;1;0;0;1
Zona_10;0;1;1;0;0;0;2;1;5;0;3;0;1;2;2;1;2;0;0;0;1;0;1;2;0;1;1;5;0;0;0;3;2;0;2;1;2;0;0;0;0;2;0;0;0;2;0;3;0;1;1;0;0;0;1;0;0;2;0;0;1;1;0;0
Zona_11;0;0;0;0;0;0;0;0;0;0;0;0;0;0;0;0;0;0;0;0;0;0;0;0;0;0;0;0;1;0;0;0;0;2;1;0;0;0;0;0;0;0;0;0;0;0;0;0;0;0;0;0;0;0;0;0;0;0;0;0;0;0;0;1
Zona_12;0;0;1;0;0;2;0;3;1;0;0;2;0;0;0;0;0;0;0;0;0;0;0;0;0;0;0;1;0;0;0;0;0;3;1;1;0;0;0;0;0;0;1;1;0;0;0;0;0;0;0;0;0;1;0;1;0;0;0;0;0;0;0;1
Zona_13;0;0;0;1;0;0;0;0;0;1;0;0;0;0;0;0;0;0;0;0;0;0;0;0;0;0;0;0;0;0;0;0;0;0;1;0;0;0;0;0;0;0;0;0;0;0;1;0;0;0;0;0;0;0;0;0;0;0;0;0;0;0;0;0
Zona_14;0;0;0;0;0;0;0;0;0;0;0;0;0;0;0;0;0;0;0;0;0;0;0;0;0;0;0;0;1;0;0;0;0;0;0;0;0;0;0;0;0;0;0;0;0;0;0;0;0;0;0;0;0;0;0;0;0;0;0;0;0;0;0;0
Zona_15;0;0;0;1;0;1;1;8;4;0;0;1;1;0;1;0;0;2;0;0;1;2;2;0;0;2;0;2;3;0;0;0;0;1;2;2;0;0;0;2;1;1;0;0;1;0;0;0;1;1;0;0;1;0;1;0;0;1;0;0;0;0;1;0
Zona_16;0;2;2;0;0;0;7;4;6;0;1;0;0;0;4;0;0;0;1;0;1;0;4;0;0;8;2;2;1;0;0;1;1;0;0;3;0;0;1;0;1;0;2;0;2;1;1;0;2;2;0;0;1;0;1;0;0;2;1;0;0;0;0;1
Zona_17;2;3;1;0;0;0;1;4;6;0;0;2;1;0;4;1;1;1;4;1;1;0;0;2;0;2;1;2;0;1;0;0;1;0;4;6;2;4;0;2;0;8;0;1;3;7;0;3;0;1;3;1;2;1;2;2;0;3;0;1;2;1;0;0
Zona_18;0;0;0;0;1;0;0;0;0;0;0;0;0;0;1;0;1;0;0;0;0;0;0;0;0;1;0;1;0;0;0;0;1;0;0;0;0;0;0;0;0;0;0;0;1;0;1;0;0;0;0;0;0;0;0;0;0;0;0;0;0;0;0;0
Zona_19;0;1;0;0;0;0;0;0;0;0;0;0;0;0;2;0;0;1;0;0;0;0;0;0;2;0;0;1;0;0;0;0;0;0;0;0;0;0;0;0;0;0;0;0;0;1;1;0;0;0;0;0;0;0;0;0;0;0;0;1;1;0;0;0
Zona_20;1;0;0;1;1;0;0;1;0;0;0;0;0;0;0;0;0;2;0;0;0;0;0;0;0;0;0;0;2;0;0;0;0;0;0;0;0;0;0;0;0;0;1;0;0;0;0;0;0;0;0;0;0;0;0;1;1;0;0;0;0;0;0;0
Zona_21;0;1;0;1;0;1;1;0;3;0;0;0;0;0;1;0;0;0;1;0;0;1;1;2;0;3;1;1;3;1;0;0;3;1;3;0;0;0;0;0;1;0;0;1;0;2;1;0;0;1;0;1;7;0;1;0;0;0;0;1;0;1;0;1
Zona_22;1;2;1;3;0;0;0;1;0;1;0;0;1;1;0;0;1;0;1;0;0;0;0;0;2;1;1;1;1;0;1;1;3;1;2;0;1;0;0;0;2;0;0;1;1;1;2;1;0;2;0;0;0;0;2;0;0;0;0;0;0;0;0;0
Zona_23;8;8;3;1;3;0;6;3;14;4;6;6;5;1;9;1;2;3;7;1;3;0;2;5;1;0;3;13;3;1;3;1;1;6;5;7;0;3;0;5;5;22;1;0;2;18;0;2;0;0;4;1;3;1;1;1;1;2;2;2;4;4;4;0
Zona_24;0;0;0;0;1;1;0;0;2;0;0;0;0;0;0;0;0;0;0;0;1;0;0;0;0;0;0;0;0;0;0;0;0;0;0;0;0;0;0;0;0;0;0;0;0;0;0;0;0;0;0;0;0;0;0;0;0;0;0;0;0;0;0;0
Zona_25;0;0;0;0;0;0;0;0;0;0;0;0;0;0;0;0;0;0;0;0;0;0;0;0;0;0;0;0;0;0;0;0;0;0;0;0;0;0;0;0;0;0;0;0;0;0;0;0;0;0;0;0;0;0;0;0;0;0;0;0;0;0;0;0
Zona_26;2;0;0;0;1;1;0;1;0;0;0;0;1;0;0;0;0;0;0;0;0;0;0;0;0;2;0;1;0;0;0;0;0;0;1;0;0;1;1;1;0;0;1;0;0;0;0;0;1;2;0;0;0;0;0;0;1;0;0;0;0;0;0;1
Zona_27;0;0;1;1;2;1;0;0;0;1;0;0;0;0;1;0;0;4;0;0;0;0;0;0;0;0;0;0;0;0;0;0;0;1;0;0;0;0;0;0;0;0;0;0;1;0;0;1;0;1;0;0;0;1;1;0;0;0;0;0;0;0;0;0
Zona_28;0;0;4;0;2;1;6;7;1;0;1;1;0;1;1;0;3;0;0;0;1;0;1;0;0;4;0;0;2;0;0;0;2;0;6;2;0;1;2;2;1;0;0;1;0;0;2;1;0;0;0;2;0;0;0;0;0;0;1;0;0;0;0;0
Zona_29;1;2;1;2;1;1;4;1;5;0;0;0;0;2;3;0;1;0;0;1;4;0;2;0;0;0;3;3;2;3;0;0;0;1;3;5;1;1;0;0;1;0;1;0;0;0;2;4;0;0;1;2;1;1;0;2;0;0;0;3;0;0;1;0
Zona_30;6;5;2;1;1;4;4;0;7;1;0;0;0;0;10;2;1;0;2;0;4;0;1;2;1;0;0;2;1;1;0;0;1;1;0;2;0;3;0;1;1;2;0;0;0;1;1;2;0;0;0;1;1;0;0;0;0;0;0;0;1;0;1;1
Zona_31;0;0;0;0;0;0;0;0;0;0;0;0;0;0;1;0;0;0;0;0;0;0;0;0;1;0;0;0;0;0;0;0;0;0;0;0;0;0;0;0;0;0;0;0;0;0;0;0;0;0;0;0;0;0;0;0;0;0;0;0;0;0;0;0
Zona_32;0;1;0;2;1;1;2;1;1;1;0;2;0;1;1;1;0;2;3;0;1;1;2;0;1;3;0;0;1;1;0;1;4;0;1;3;0;0;2;0;0;0;1;1;1;0;0;0;0;0;0;2;0;0;1;0;0;0;0;0;0;1;0;2
Zona_33;0;0;0;0;0;0;0;0;0;0;0;0;0;0;0;0;0;0;0;0;0;0;0;0;0;0;0;0;0;0;0;0;0;0;0;0;0;0;0;0;0;0;0;0;0;0;0;0;0;0;0;0;0;0;0;0;0;0;0;0;0;0;0;0
Zona_34;0;0;0;0;0;0;0;0;0;0;0;0;0;0;0;0;0;0;0;0;0;0;0;0;0;0;0;0;1;0;0;0;1;0;1;0;0;0;0;0;0;0;0;0;0;0;0;0;0;0;0;0;0;0;0;0;0;0;0;1;0;0;0;0
Zona_35;0;0;0;0;0;0;0;0;0;0;0;0;0;0;0;0;0;0;0;0;0;0;0;0;0;0;0;0;0;0;0;0;0;0;0;0;0;0;0;0;0;0;0;0;0;0;0;0;0;0;0;0;0;0;0;0;0;0;0;0;0;0;0;0
Zona_36;0;0;1;2;0;0;1;0;3;0;0;0;0;3;0;1;0;0;0;1;1;0;0;1;1;1;0;1;0;0;0;0;1;0;9;2;0;0;0;1;0;1;1;1;2;1;0;0;0;0;0;0;0;1;0;0;0;0;1;0;0;0;0;0
Zona_37;1;1;1;0;0;0;0;2;0;0;0;0;0;1;1;0;0;0;0;0;0;1;0;0;0;5;0;1;4;1;0;1;3;1;0;1;0;0;1;0;0;0;0;2;0;1;0;0;0;1;0;1;0;2;0;0;0;0;0;0;0;0;0;1
Zona_38;1;1;0;2;0;0;1;0;3;0;0;0;0;1;3;0;0;2;1;0;2;0;2;3;2;3;0;0;2;0;1;3;4;0;2;2;1;1;0;0;0;0;0;0;1;0;0;1;0;0;0;0;0;0;0;1;1;0;0;1;0;0;1;0
Zona_39;0;0;0;0;0;1;7;1;0;0;0;1;0;1;1;0;0;1;0;0;0;0;0;0;0;3;0;2;0;0;2;0;2;1;6;1;1;0;1;0;0;0;1;1;0;0;0;0;1;1;0;0;0;1;0;0;1;0;1;0;0;0;1;1
Zona_40;0;0;0;0;0;0;1;0;0;0;0;0;0;0;0;0;0;1;0;0;0;0;0;1;1;0;0;0;0;0;0;0;0;0;1;0;0;0;0;0;0;0;0;1;0;1;0;0;0;0;0;0;0;0;0;0;0;0;1;0;0;0;0;1
Zona_41;0;0;2;0;2;0;0;1;2;1;0;1;0;0;0;0;2;2;0;0;0;0;0;0;0;2;0;0;5;0;0;0;1;1;1;0;1;0;0;1;2;0;0;1;0;0;1;0;0;0;0;0;0;0;0;1;0;0;0;0;0;0;0;0
Zona_42;0;0;0;0;0;0;0;0;0;0;0;0;0;0;0;0;0;0;0;0;0;0;0;0;0;0;0;0;0;0;0;0;0;0;0;0;0;0;0;0;0;0;0;0;0;0;0;0;0;0;0;0;0;0;0;0;0;0;0;0;0;0;0;0
Zona_43;0;0;0;0;0;0;0;0;0;0;0;0;0;0;0;0;0;0;0;0;0;0;0;0;0;0;0;0;0;0;0;0;0;0;0;0;0;0;0;0;0;0;0;0;0;0;0;0;0;0;0;0;0;0;0;0;0;0;0;0;0;0;0;0
Zona_44;1;1;0;2;0;1;9;3;3;1;0;1;2;2;4;0;0;2;2;0;1;0;1;0;1;2;0;3;0;3;0;0;2;1;3;1;1;0;0;0;1;2;0;1;1;1;0;2;1;0;0;2;0;0;0;1;0;0;0;1;1;0;0;0
Zona_45;0;0;0;1;2;0;3;2;2;0;1;0;1;0;4;0;1;0;2;0;0;0;0;0;0;1;0;2;1;0;0;1;1;0;1;2;1;0;0;0;0;2;1;1;2;0;0;0;0;0;0;0;0;2;0;0;0;1;0;0;0;0;0;0
Zona_46;0;0;0;1;0;0;1;2;0;0;0;0;0;0;0;0;0;0;0;0;0;0;0;0;0;0;0;0;1;0;0;0;0;0;1;0;0;0;0;0;0;0;1;1;0;0;1;0;0;0;0;0;0;0;0;0;1;0;0;1;0;0;0;0
Zona_47;1;5;4;2;3;4;18;3;10;2;1;0;2;7;10;3;1;0;0;1;8;0;1;5;1;1;2;2;2;3;2;0;1;0;8;1;6;2;0;0;1;7;0;1;1;4;1;4;5;0;0;2;0;4;1;0;2;1;0;1;1;0;0;0
Zona_48;0;0;0;0;1;2;2;2;0;0;0;0;0;0;0;1;0;0;0;0;1;2;0;0;2;3;0;0;3;0;0;0;0;1;0;0;0;0;1;0;0;0;0;2;0;0;0;0;0;0;0;0;0;1;1;1;3;0;0;1;0;0;0;0
Zona_49;0;0;0;0;2;0;1;2;0;0;0;0;0;0;1;0;0;0;0;0;1;0;0;0;0;1;0;0;1;0;0;0;0;1;1;1;0;0;0;0;1;0;0;2;1;0;0;0;0;0;0;0;0;0;0;1;2;0;1;0;0;0;0;1
Zona_50;0;0;0;0;0;0;0;3;0;0;0;0;0;0;0;0;1;0;0;0;0;0;0;1;0;1;0;0;2;0;0;0;0;0;0;0;0;0;0;0;0;0;0;0;1;0;0;0;0;0;0;0;0;0;1;0;0;0;0;0;0;0;0;0
Zona_51;1;1;0;0;0;1;2;6;2;0;0;2;0;0;2;0;1;1;0;0;2;0;0;0;2;0;0;0;1;2;0;0;1;0;5;0;0;2;0;0;1;2;2;2;4;0;2;1;0;0;0;0;0;0;0;1;0;0;0;0;0;0;0;0
Zona_52;0;0;0;0;0;0;1;1;0;0;0;1;0;0;0;0;0;0;0;0;0;0;0;1;0;0;0;0;0;0;0;0;1;0;0;1;0;0;1;0;0;0;0;0;0;0;0;0;0;0;0;0;0;0;0;0;0;0;0;0;0;0;0;0
Zona_53;1;1;0;0;1;1;1;0;1;0;0;0;0;1;0;1;0;0;0;0;1;0;0;1;0;0;0;2;1;1;0;6;0;0;1;0;0;0;0;0;0;2;0;0;2;1;0;0;0;0;0;0;0;0;0;0;1;0;0;0;0;0;0;0
Zona_54;0;0;1;1;1;0;1;2;1;2;0;0;1;1;1;0;1;0;2;0;1;0;2;0;1;1;0;1;3;0;0;0;2;2;2;3;1;0;0;0;0;0;0;1;2;0;3;0;0;1;0;0;0;1;1;0;1;1;0;0;0;0;0;0
Zona_55;0;0;1;0;1;0;2;2;1;0;0;0;1;1;1;2;0;0;1;0;1;0;0;1;2;2;0;0;2;0;0;2;1;4;4;4;2;0;1;0;1;0;1;2;0;1;1;0;0;1;0;0;0;2;1;1;0;0;0;0;1;0;0;0
Zona_56;0;0;0;0;0;0;3;0;0;0;0;0;0;0;0;0;0;0;0;0;0;0;0;0;0;0;0;0;0;0;0;0;0;0;0;0;1;0;0;0;0;0;0;0;0;0;0;0;0;0;0;0;0;0;0;0;1;0;0;0;0;0;0;0
Zona_57;0;0;0;2;0;1;0;3;2;0;0;0;1;1;2;0;1;0;0;0;0;0;0;1;1;3;1;1;3;0;0;0;1;1;0;1;1;0;0;0;0;0;1;0;1;0;0;3;0;0;1;0;0;0;0;0;1;1;0;0;0;0;0;0
Zona_58;0;0;1;0;0;2;1;1;2;1;1;0;0;1;2;1;1;0;0;0;3;0;0;0;0;0;0;0;1;0;1;0;1;2;1;2;0;0;1;0;0;2;0;1;0;0;0;0;1;0;0;0;0;0;0;0;0;0;0;0;0;0;0;0
Zona_59;0;1;0;0;1;1;0;1;1;0;0;0;1;0;1;0;1;0;0;0;0;1;0;1;1;5;0;0;2;0;0;0;0;2;1;0;0;0;1;0;0;0;1;0;1;0;0;0;0;0;0;0;0;2;0;0;1;0;0;0;0;0;0;0
Zona_60;4;4;1;1;1;7;6;1;20;2;2;1;0;2;10;1;0;1;1;2;1;1;0;1;2;1;1;8;1;1;1;0;0;1;3;2;0;1;0;1;2;4;2;0;3;3;0;2;0;2;2;1;1;0;0;1;0;2;1;0;1;1;1;1
Zona_61;0;0;0;0;0;0;0;0;1;0;0;0;0;0;0;1;0;0;0;0;0;0;0;0;0;0;0;0;1;0;0;0;0;1;1;0;0;0;0;0;0;0;0;0;0;0;0;0;0;1;0;0;0;0;1;0;0;0;0;0;0;0;0;0
Zona_62;3;1;1;0;1;1;1;3;2;4;2;0;0;1;1;0;0;4;1;0;1;1;1;2;0;9;0;1;2;0;0;3;1;0;2;2;1;0;1;0;1;0;0;1;0;1;0;3;0;0;0;1;0;1;0;0;0;3;0;1;2;0;1;2
Zona_63;0;0;0;0;0;0;0;0;0;0;0;0;0;0;0;0;0;0;0;0;0;0;0;0;0;0;0;0;1;0;0;0;0;0;0;0;0;0;1;0;0;0;0;0;0;0;0;0;0;0;0;0;0;0;0;0;0;0;0;0;0;0;0;0
Zona_64;1;1;0;0;1;0;1;1;0;0;0;0;1;1;2;0;0;1;0;1;2;0;0;1;1;0;1;0;1;0;0;0;3;0;1;0;0;0;0;0;1;1;0;0;1;1;0;0;0;0;0;1;0;0;0;0;0;0;0;1;0;0;0;0
Zona_65;0;1;0;0;0;0;2;0;0;0;0;0;0;1;1;2;0;1;2;0;3;0;0;1;0;1;0;2;4;0;0;0;0;0;1;0;0;0;0;0;0;1;0;0;0;0;0;0;0;0;1;0;0;0;0;0;0;0;0;0;0;0;0;0
Zona_66;0;1;0;0;0;1;2;1;4;0;1;0;0;2;1;0;0;2;0;0;0;0;0;1;0;4;0;1;3;1;0;2;2;0;4;0;1;0;0;0;2;0;0;1;3;0;0;0;1;0;0;0;0;0;1;2;2;1;1;0;0;0;0;1
Zona_67;0;0;0;0;0;0;0;0;0;0;0;0;0;0;0;0;0;0;0;0;0;0;0;0;0;0;0;0;0;0;0;0;0;0;0;0;0;0;0;0;0;0;0;0;0;0;0;0;0;0;0;0;0;1;0;0;0;0;0;0;0;0;0;0
Zona_68;5;10;1;2;6;3;15;6;19;6;2;0;9;8;7;5;1;2;6;7;7;0;2;5;0;2;5;8;2;1;4;2;4;0;7;8;0;2;1;4;0;9;1;0;3;5;2;2;3;0;4;5;0;2;0;0;1;1;3;4;0;1;4;2
Zona_69;0;0;0;0;1;0;1;0;0;0;0;0;1;0;0;0;0;0;0;0;0;0;0;0;0;0;0;0;2;0;0;0;0;0;0;0;0;0;0;0;0;0;0;0;0;0;0;0;0;0;0;0;0;0;1;0;0;0;0;0;0;0;0;0
Zona_70;0;0;3;0;1;0;5;0;1;0;0;0;0;2;1;1;0;0;0;0;3;0;0;0;3;1;1;0;2;1;0;0;0;0;1;0;0;0;0;0;1;0;0;0;0;2;0;0;1;1;0;0;0;0;0;0;0;0;0;0;0;0;0;0
Zona_71;0;1;0;0;0;0;0;1;0;0;0;0;0;0;0;0;0;0;0;0;0;0;0;0;3;1;0;1;0;0;0;0;0;0;1;0;0;0;0;0;0;0;0;0;1;0;0;0;0;1;0;0;0;0;0;0;1;0;0;0;0;0;1;0
Zona_72;1;4;1;2;3;5;4;5;9;1;2;2;2;2;10;2;0;3;0;2;0;0;3;1;0;4;1;5;6;0;0;2;3;1;4;4;3;0;2;2;4;1;3;0;1;5;1;0;2;1;0;1;1;1;0;0;1;0;1;3;1;0;0;0
Zona_73;0;0;0;0;0;0;1;1;1;2;0;0;0;0;3;0;0;0;0;0;0;0;0;0;2;2;0;4;1;0;0;0;0;0;0;0;0;0;0;0;0;0;0;1;1;0;0;0;0;0;1;0;0;0;0;0;1;1;0;0;0;0;0;0
Zona_74;0;0;0;0;0;0;0;0;0;0;0;0;0;0;0;0;0;1;0;1;0;0;0;1;1;0;0;0;0;0;0;0;0;0;0;0;0;0;0;0;0;0;0;1;0;0;0;0;0;0;0;0;0;0;0;0;1;0;0;0;0;0;0;0
Zona_75;0;0;0;0;0;0;0;0;0;0;0;0;0;0;0;0;0;0;0;0;0;0;0;0;0;0;0;0;0;0;0;0;1;0;0;0;0;0;0;0;0;0;0;0;0;0;0;0;0;0;0;0;0;0;0;0;0;0;0;0;0;0;0;0
Zona_76;0;0;0;0;0;0;0;0;0;0;0;0;0;0;0;0;0;0;0;0;0;0;0;0;0;0;0;0;0;0;0;0;0;0;0;0;0;0;0;0;0;0;0;0;0;0;0;0;0;0;0;0;0;0;0;0;0;0;0;0;0;0;0;0
Zona_77;0;0;0;2;1;1;13;6;4;1;2;0;4;2;4;1;1;0;1;4;9;0;0;3;0;0;3;1;1;2;0;0;0;0;5;2;0;1;0;1;1;2;0;0;0;7;0;0;1;1;0;0;0;0;0;0;0;0;0;0;0;0;1;0
Zona_78;0;0;1;0;1;1;0;1;2;0;0;0;0;0;0;0;0;0;0;0;0;0;1;0;0;0;0;0;2;0;0;1;0;0;0;1;1;0;0;0;0;0;0;0;0;0;0;0;0;0;0;0;0;1;0;0;0;0;0;0;0;0;0;0
Zona_79;0;0;0;0;1;0;1;0;0;0;0;0;0;1;0;1;0;0;1;0;0;0;0;0;0;0;0;0;1;1;0;0;0;0;1;0;0;0;0;0;0;0;0;0;0;0;1;0;0;3;0;0;0;0;0;0;0;0;0;1;0;0;0;0
Zona_80;1;2;1;0;0;0;0;0;0;1;1;0;0;0;3;0;0;1;0;0;1;0;0;0;0;1;0;0;0;0;1;0;0;0;0;0;0;0;0;0;0;0;0;1;0;0;0;0;0;0;1;0;0;0;0;0;1;0;0;0;0;0;1;1
Zona_81;0;0;1;0;0;0;0;0;0;0;0;0;0;0;0;0;1;0;0;0;0;0;0;0;1;1;0;0;1;0;0;1;0;2;0;0;0;0;0;0;0;0;0;1;0;0;0;0;0;0;0;0;0;0;0;0;0;0;0;0;0;0;0;0
Zona_82;0;0;1;0;0;0;0;0;1;0;0;0;0;0;1;0;0;0;0;0;0;0;0;0;0;0;0;0;0;0;0;0;0;0;0;0;0;0;0;0;0;0;0;0;1;0;0;0;0;0;0;0;0;0;0;0;0;0;0;0;0;0;0;0
Zona_83;0;0;0;0;0;0;0;0;0;0;0;0;0;0;0;0;0;0;0;0;0;0;0;0;0;0;0;1;0;0;0;0;0;0;1;0;0;0;0;1;0;0;0;0;0;0;0;0;0;0;0;0;0;0;0;0;0;0;0;0;0;0;0;0
Zona_84;3;5;4;0;1;2;6;13;10;5;3;1;4;6;8;5;5;2;4;1;4;0;3;4;0;3;9;9;0;1;2;4;2;1;13;3;2;1;0;1;2;13;4;0;1;6;1;3;2;1;3;2;1;2;0;0;0;3;2;0;6;2;2;3
Zona_85;0;0;1;0;3;0;0;5;0;0;0;1;0;0;0;0;0;2;0;0;0;0;1;2;2;1;0;0;1;0;0;0;1;0;2;0;0;0;0;0;0;0;0;0;1;0;1;0;0;1;0;0;0;0;0;0;1;0;0;1;0;0;0;0
Zona_86;0;0;0;0;0;0;2;2;1;0;0;0;0;0;0;0;0;0;0;0;2;0;0;0;0;0;1;1;2;0;0;0;2;0;0;0;0;0;0;0;0;0;0;0;0;0;0;0;1;0;0;0;0;0;0;1;0;0;0;1;0;0;0;0
Zona_87;9;5;2;0;4;5;5;4;17;4;2;1;1;2;8;6;0;0;1;3;4;0;1;2;0;1;2;5;2;1;2;0;2;0;2;7;2;0;0;4;1;35;0;1;2;8;2;1;1;1;5;2;10;1;0;0;0;2;1;2;1;1;3;0
Zona_88;0;0;0;0;0;0;0;1;1;0;0;0;0;1;0;0;0;1;0;1;1;1;0;0;5;0;1;0;2;0;0;1;1;1;1;1;0;0;2;0;0;0;0;2;0;0;0;0;0;0;0;0;0;1;1;0;0;0;0;0;1;0;0;0
Zona_89;0;0;0;0;0;0;0;0;0;1;0;0;0;0;0;0;0;0;1;0;2;0;0;0;1;0;0;0;0;1;0;0;2;2;1;0;0;0;0;0;1;0;0;1;2;0;0;1;0;0;0;0;0;0;0;0;0;1;0;0;0;0;0;0
Zona_90;0;0;0;0;0;0;0;0;0;0;0;0;0;1;0;0;0;0;0;0;1;0;0;0;0;0;0;1;1;0;0;0;0;0;0;1;0;0;0;0;0;0;0;0;0;0;1;0;0;0;0;0;0;0;0;0;0;0;1;0;0;0;0;0
Zona_91;0;1;0;1;0;1;1;1;0;0;0;0;0;1;1;0;0;0;0;0;1;0;0;0;7;0;0;0;0;0;0;0;2;0;0;0;0;0;0;0;0;0;0;0;2;2;1;0;0;0;1;0;0;0;0;0;1;1;0;0;0;0;0;0
Zona_92;0;0;0;0;0;0;0;0;1;0;0;0;0;0;1;0;0;0;0;0;0;0;0;0;0;1;0;0;4;0;0;0;0;0;2;0;0;0;0;0;0;0;0;1;0;0;0;0;0;0;0;0;0;1;0;0;1;0;0;0;0;0;0;0
Zona_93;0;0;0;0;0;0;0;0;0;0;0;0;0;0;0;0;0;0;0;0;0;0;0;0;0;0;0;0;0;0;0;0;0;0;0;0;0;0;0;0;0;0;0;0;0;0;0;0;0;0;0;0;0;0;0;0;0;0;0;0;0;0;0;0
Zona_94;0;2;1;0;0;0;0;1;1;0;0;0;0;0;1;0;0;1;0;0;0;0;1;0;0;0;0;0;0;0;0;3;0;0;2;0;0;0;0;0;0;1;1;0;0;0;0;0;0;0;0;0;0;0;0;1;3;0;0;0;1;0;0;0
Zona_95;1;1;0;0;1;0;1;0;0;0;0;0;0;0;0;0;0;0;0;0;0;0;0;0;3;1;0;0;2;0;0;0;0;2;0;0;0;0;2;0;1;0;1;0;0;0;0;0;0;0;0;0;0;0;1;0;2;0;0;0;0;0;0;1
Zona_96;0;0;0;0;1;0;1;0;1;0;0;0;0;0;2;0;0;1;0;0;0;0;0;1;0;0;0;0;1;0;0;0;0;0;1;0;0;0;0;0;0;0;0;0;0;0;0;0;1;0;0;0;0;2;0;0;3;0;0;0;0;0;0;0
Zona_97;0;1;3;1;1;1;3;2;1;0;0;0;0;0;0;0;0;3;0;0;0;2;0;1;0;6;0;0;2;1;0;0;3;0;1;1;0;0;1;1;0;0;1;2;4;0;1;0;0;0;0;1;0;0;5;1;2;0;0;0;1;1;0;1
Zona_98;0;0;0;0;0;0;0;0;0;0;0;0;0;0;0;0;0;0;0;0;0;0;0;0;0;0;0;0;0;0;0;0;0;0;0;0;0;0;0;0;0;0;0;0;0;0;0;0;0;0;0;0;0;0;0;0;0;0;0;0;0;0;0;0
Zona_99;0;0;0;0;0;0;0;0;0;0;0;0;0;0;0;0;0;0;0;0;0;0;0;0;0;0;0;0;0;0;0;0;0;0;0;0;0;0;0;0;0;0;0;0;0;0;0;0;0;0;0;0;0;0;0;0;0;0;0;0;0;0;0;0
Zona_100;3;7;2;6;1;4;6;2;9;4;3;3;1;1;5;0;1;6;4;1;0;2;3;5;1;14;0;6;2;0;0;1;8;1;3;1;1;0;1;2;1;6;1;2;0;6;1;2;0;0;2;1;1;0;0;2;0;0;2;4;2;2;0;1
Zona_101;0;1;2;0;1;0;4;1;4;1;0;0;0;2;2;0;0;0;1;0;3;1;1;0;1;3;0;0;1;1;1;0;2;3;2;2;1;0;0;0;0;1;0;0;0;1;0;2;1;3;1;0;0;0;0;0;0;0;0;0;0;0;0;0
Zona_102;0;1;2;0;0;1;4;3;3;0;0;0;0;0;0;0;0;2;0;0;1;0;0;0;0;5;0;0;2;0;0;0;2;1;2;2;2;0;1;1;0;0;0;1;2;0;1;0;0;1;0;0;1;0;1;1;0;0;0;1;0;0;0;0
Zona_103;0;0;0;0;1;0;2;0;0;0;0;0;0;0;0;0;0;0;1;0;0;1;0;0;0;0;0;0;2;0;0;0;0;0;0;0;0;0;0;0;0;0;0;0;0;0;0;0;0;0;0;0;0;0;0;0;0;0;0;0;0;0;0;0
Zona_104;0;2;0;1;1;0;4;1;3;1;1;0;0;0;1;0;0;1;0;1;2;0;1;0;0;1;0;1;1;0;0;3;1;1;2;1;1;0;0;1;0;4;2;0;1;0;0;11;0;1;1;1;0;0;1;0;0;1;0;0;0;0;1;0
Zona_105;6;2;3;2;4;6;11;6;10;3;1;1;7;0;18;5;5;7;5;2;3;0;0;3;1;3;0;1;3;3;2;3;2;1;12;6;1;0;1;2;2;9;1;0;1;8;1;1;0;1;5;2;2;1;0;0;1;2;9;1;2;0;0;1
Zona_106;0;0;0;1;0;0;0;6;0;0;0;1;0;0;0;0;0;0;0;0;0;3;0;0;0;3;0;1;3;0;0;0;1;1;1;1;1;0;0;1;1;0;0;1;0;0;0;0;0;1;1;0;0;1;1;0;1;0;0;1;0;0;0;3
Zona_107;0;0;0;0;0;1;1;1;1;0;0;0;0;0;1;0;0;0;0;0;3;0;0;0;1;0;0;2;4;0;0;0;0;2;2;0;0;0;1;1;0;0;1;1;0;1;0;0;0;1;0;0;0;1;1;0;1;0;0;0;0;0;0;1
Zona_108;0;0;1;0;0;0;0;0;0;0;0;0;0;0;0;0;0;0;0;0;0;0;0;1;0;0;0;0;2;0;0;0;0;1;1;0;0;0;0;0;0;0;0;0;0;0;0;0;0;0;0;0;0;0;0;0;0;0;0;1;0;0;0;0
Zona_109;0;0;0;1;1;0;2;1;2;1;1;1;0;0;1;2;1;3;1;0;2;1;1;0;1;2;0;0;3;0;0;1;3;3;1;1;0;0;0;3;3;0;0;0;1;1;0;0;0;0;0;0;0;0;1;2;0;0;0;0;0;0;1;0
Zona_110;0;0;0;0;0;0;0;0;0;0;0;0;0;0;0;0;0;0;0;0;0;0;0;0;0;0;0;0;0;0;0;0;0;1;0;0;0;0;0;0;0;0;0;0;0;0;0;0;0;0;0;0;0;0;0;0;0;0;0;0;0;0;0;0
Zona_111;0;0;0;0;0;0;0;0;0;0;0;0;0;0;0;0;0;0;0;0;0;0;0;0;0;0;0;0;0;0;0;0;0;0;0;0;0;0;0;0;0;0;0;0;0;0;0;0;0;0;0;0;0;0;0;0;0;0;0;0;0;0;0;0
Zona_112;0;0;0;0;0;0;2;52;1;1;1;0;0;0;0;0;0;0;0;0;0;0;1;0;0;9;0;0;1;0;0;0;0;0;2;1;0;0;0;0;1;0;2;1;0;0;1;0;0;0;0;0;0;0;0;0;1;0;0;0;0;0;0;0
Zona_113;0;1;0;0;0;0;1;0;2;1;0;0;0;0;3;5;3;3;0;1;0;0;0;0;0;0;1;2;0;0;0;4;0;0;0;1;0;0;0;0;0;4;0;0;2;3;0;0;0;0;0;0;1;0;0;0;0;0;0;0;1;1;2;0
Zona_114;27;27;3;2;3;4;21;14;59;18;22;1;27;9;32;19;10;3;13;18;11;1;12;8;3;3;10;47;2;2;18;1;0;1;11;28;5;10;0;9;6;33;0;0;5;34;2;22;7;2;12;2;32;0;0;0;1;9;15;1;6;20;3;2
Zona_115;0;0;0;0;0;0;0;2;0;1;0;0;0;1;0;0;0;0;0;0;2;0;0;0;0;0;0;1;0;0;0;0;0;0;1;1;0;0;1;1;0;0;0;0;1;1;0;0;0;0;1;0;0;0;0;0;0;1;0;0;0;0;0;0
Zona_116;0;0;1;0;0;0;1;5;1;0;0;0;0;0;1;0;1;0;0;1;1;0;1;1;0;5;0;0;2;0;0;0;0;1;0;0;1;0;0;0;0;0;0;0;0;0;0;0;0;1;0;0;0;0;0;0;1;0;0;0;1;0;0;2
Zona_117;0;1;0;0;2;0;2;0;1;0;3;0;0;0;0;0;1;1;0;0;0;0;0;0;0;0;0;2;0;0;0;0;0;0;0;0;0;0;0;0;0;0;0;0;0;1;0;0;0;0;0;0;0;1;0;0;0;0;0;0;0;0;0;0
Zona_118;0;0;0;0;0;0;1;1;0;0;0;2;0;0;0;0;0;0;0;0;0;0;0;0;0;2;0;0;1;0;0;0;0;0;2;0;0;0;0;0;0;0;0;0;0;0;0;0;0;1;0;0;0;0;0;0;0;0;0;0;0;0;0;0
Zona_119;0;0;0;0;0;1;2;1;0;1;2;0;1;0;2;0;0;2;0;0;0;0;1;0;2;2;0;0;2;1;0;0;0;1;0;0;0;0;0;0;0;0;0;0;1;0;0;1;0;0;0;0;1;0;0;0;1;1;0;0;1;1;0;0
Zona_120;0;0;0;0;0;0;0;0;0;0;0;0;0;0;0;0;0;0;0;0;0;0;0;0;0;0;0;0;0;0;0;0;0;0;0;0;0;0;0;0;0;0;0;0;0;0;0;0;0;0;0;0;0;0;0;0;0;0;0;0;0;0;0;0
Zona_121;3;3;1;3;1;1;1;3;4;3;2;0;0;0;9;1;1;1;3;0;3;0;1;2;3;1;2;8;0;2;1;1;1;0;5;5;0;2;1;1;0;4;1;1;2;3;4;1;1;0;1;1;0;1;0;0;0;2;5;2;0;2;0;1
Zona_122;0;0;0;0;0;0;1;0;0;1;0;0;0;1;1;0;0;0;0;1;0;0;2;0;0;0;1;0;0;0;0;0;1;0;0;0;0;0;0;0;0;0;0;0;0;0;1;0;0;2;0;0;0;0;0;0;2;0;0;0;0;0;0;0
Zona_123;0;1;0;0;0;0;1;0;0;0;0;0;0;0;0;0;0;0;0;0;0;0;0;0;0;1;0;0;0;0;0;0;0;0;0;0;0;0;0;0;0;0;0;0;1;0;0;0;0;0;0;0;0;0;0;0;1;0;0;0;0;0;0;0
Zona_124;0;2;1;0;0;0;9;8;0;0;0;3;0;1;2;1;0;0;5;0;0;0;0;1;0;2;0;1;2;2;0;4;1;0;5;2;0;0;0;3;1;3;3;3;0;0;2;0;0;0;0;3;0;0;1;0;2;0;1;1;0;0;0;1
Zona_125;2;3;5;0;0;0;4;16;2;0;0;3;1;0;1;1;0;2;7;0;0;3;0;2;2;0;1;2;1;0;1;3;6;0;3;5;0;1;1;2;0;2;0;2;0;0;4;2;0;0;0;1;0;0;1;2;0;0;2;0;0;1;0;2
Zona_126;2;0;0;1;1;4;2;1;4;2;1;0;0;0;6;0;1;0;0;1;1;0;1;4;1;0;0;2;0;0;0;3;2;0;5;1;0;2;0;0;0;3;1;0;1;2;0;2;0;0;0;2;1;0;0;0;0;1;1;0;1;0;0;0
Zona_127;0;1;0;0;0;0;0;0;0;0;0;1;0;0;0;0;0;0;0;0;2;1;0;0;0;0;0;0;0;0;0;0;0;0;0;0;0;0;0;0;0;0;0;0;0;0;0;0;0;0;0;0;0;0;0;0;0;1;0;0;0;0;0;0
Zona_128;0;3;1;0;1;0;2;1;1;0;0;0;0;0;0;0;0;1;0;0;0;0;0;1;0;0;0;0;0;0;0;6;2;0;1;0;0;0;0;0;0;0;1;0;0;0;0;0;0;1;0;0;0;0;0;0;1;0;0;0;0;0;0;0
Zona_129;0;0;1;0;0;0;0;1;2;0;0;2;0;0;0;0;0;1;0;1;0;1;1;0;0;0;0;0;2;1;0;0;2;0;1;0;0;0;0;0;0;0;0;0;0;0;0;0;0;0;0;0;0;0;2;0;0;0;0;0;0;0;0;0
Zona_130;0;0;0;0;0;0;0;0;0;0;0;0;0;0;0;0;0;0;0;0;0;0;0;0;0;0;0;0;0;0;0;0;0;0;0;0;0;0;0;0;0;0;0;0;0;0;0;0;0;0;0;0;0;0;0;0;0;0;0;0;0;0;0;0
Zona_131;0;0;2;0;0;0;1;2;0;0;0;1;0;0;0;0;0;0;0;0;0;0;0;1;0;0;0;0;1;0;0;1;0;1;1;0;0;0;1;1;0;0;2;4;3;0;1;0;0;0;0;0;0;1;1;0;1;1;0;0;0;0;0;1
Zona_132;2;1;3;0;1;2;7;1;5;2;1;0;1;0;3;2;2;0;0;1;3;0;0;0;0;0;1;1;4;1;1;0;0;1;4;1;1;1;0;2;2;1;0;0;1;4;0;0;0;1;1;0;0;1;1;0;0;1;1;0;0;1;0;0
Zona_133;0;0;0;0;0;0;0;0;1;1;0;0;0;0;0;1;0;2;0;0;0;0;2;0;0;2;0;0;5;1;0;0;1;1;0;0;1;0;0;0;0;1;0;1;3;1;0;1;0;0;0;0;0;0;3;0;4;0;0;0;0;1;0;3
Zona_134;10;9;4;3;9;1;24;28;33;5;6;2;7;13;17;6;2;1;9;15;11;1;1;2;2;7;8;15;1;2;5;0;0;0;11;18;3;6;0;4;2;20;4;0;1;20;1;8;8;4;6;2;0;2;0;0;1;4;5;4;2;6;1;1
Zona_135;0;1;0;0;0;1;0;0;0;0;1;1;0;1;0;0;0;0;0;0;0;0;0;0;0;0;0;1;6;0;0;0;0;1;1;0;0;0;0;0;0;0;1;0;0;0;0;0;0;0;0;0;0;0;0;0;0;0;0;0;0;0;0;0
Zona_136;1;3;2;2;0;3;9;8;15;4;1;2;4;4;7;7;4;0;6;3;0;1;1;1;1;1;5;10;0;1;2;3;0;1;12;2;1;1;1;1;1;7;0;0;4;6;3;6;2;2;0;0;0;2;2;0;1;4;4;2;2;2;1;0
Zona_137;0;0;0;0;0;0;0;0;0;0;0;0;0;0;0;0;0;0;0;0;0;0;0;0;0;0;0;0;0;0;0;0;0;0;0;0;0;0;0;0;0;0;0;0;0;0;0;0;0;0;0;0;0;0;0;0;0;0;0;0;0;0;0;0
Zona_138;0;0;0;0;0;0;0;0;0;0;0;0;0;0;0;0;0;0;0;0;2;0;1;1;0;0;0;0;2;0;0;0;0;1;0;0;0;0;0;0;0;0;0;0;0;0;0;0;0;0;0;0;0;0;0;0;1;0;0;0;0;0;0;0
Zona_139;0;3;1;0;1;0;6;7;3;2;0;3;3;2;4;4;0;0;3;1;0;1;1;0;1;0;1;2;1;0;0;0;1;0;6;0;0;4;0;1;0;9;2;0;0;1;1;2;0;0;1;1;1;0;0;0;0;0;0;0;0;2;2;1
Zona_140;0;0;1;0;0;0;2;0;1;0;0;0;0;0;0;0;0;1;1;0;0;1;0;1;0;0;0;1;2;0;0;0;2;2;0;0;0;0;0;0;0;0;0;0;0;0;0;0;0;0;0;0;0;0;1;0;1;0;0;0;0;0;0;0
Zona_141;0;1;0;0;0;0;1;0;0;0;0;0;0;0;0;0;0;0;0;0;0;1;0;0;0;2;0;0;2;0;0;0;0;1;1;0;0;0;0;0;0;0;0;0;0;0;0;0;0;0;0;1;0;2;0;0;2;0;0;0;0;0;0;0
Zona_142;0;1;0;2;1;0;1;0;0;0;0;0;0;0;0;0;0;1;1;0;0;0;0;1;0;0;1;1;0;0;0;1;2;1;0;0;0;0;0;0;0;0;0;0;2;0;0;0;0;0;0;0;0;0;0;0;0;0;0;0;0;0;0;0
Zona_143;0;0;0;0;0;0;0;0;0;0;0;0;0;0;0;0;0;0;0;0;0;0;0;0;0;0;0;0;0;0;0;0;0;0;0;0;0;0;0;0;0;0;0;0;0;0;0;0;0;0;0;0;0;0;0;0;0;0;0;0;0;0;0;0
Zona_144;0;0;1;1;0;0;1;1;1;0;0;0;0;0;1;0;0;1;1;0;0;0;0;0;1;0;0;0;1;0;0;0;0;3;0;0;0;0;0;0;0;0;0;1;0;0;0;0;0;0;0;0;0;0;0;0;0;0;0;0;0;0;0;0
Zona_145;0;0;0;0;0;1;0;0;0;0;0;0;0;0;0;0;0;0;0;0;0;0;0;0;0;0;0;0;1;0;0;0;0;0;0;0;0;0;0;0;0;0;0;0;0;0;0;0;0;0;0;0;0;0;0;0;0;0;0;0;0;0;0;0
Zona_146;0;0;1;0;0;0;0;0;0;0;1;0;0;0;0;0;0;0;0;0;1;0;0;0;1;2;0;0;1;0;0;0;0;0;1;0;0;0;1;0;0;0;0;0;4;0;1;0;0;0;0;0;0;0;0;0;0;0;0;0;0;0;0;0
Zona_147;0;0;1;1;0;0;1;7;0;0;0;1;0;0;1;0;0;0;1;0;0;0;1;0;0;0;0;0;4;2;0;0;0;0;0;0;1;0;0;2;0;0;2;3;1;0;0;0;0;0;0;0;0;2;0;2;1;0;0;0;1;0;0;2
Zona_148;0;0;0;0;0;0;0;0;0;0;0;0;0;0;0;0;0;0;0;0;0;0;0;0;0;0;0;0;0;0;0;0;0;0;0;0;0;0;0;0;0;0;0;0;0;0;0;0;0;0;0;0;0;0;0;0;0;0;0;0;0;0;0;0
Zona_149;0;1;0;0;0;0;0;0;0;0;0;1;0;0;0;0;0;0;0;0;0;0;0;0;1;0;0;0;2;0;0;0;0;2;0;0;1;0;0;0;2;0;1;0;0;1;0;0;0;1;0;0;0;1;1;0;1;0;0;0;0;0;0;1
Zona_150;0;0;0;0;0;0;0;0;0;0;0;0;0;0;0;0;0;0;0;0;0;0;0;0;0;0;0;0;0;0;0;0;0;0;0;0;0;0;0;0;0;0;0;0;0;0;0;0;0;0;0;0;0;0;0;0;0;0;0;0;0;0;0;0
Zona_151;0;1;1;1;0;0;4;1;2;0;0;2;0;0;2;0;1;0;1;0;0;0;1;0;0;0;0;0;3;1;0;0;1;0;2;0;0;0;0;0;0;0;5;1;0;0;0;0;0;1;0;0;0;0;1;0;0;1;1;0;0;0;2;0
Zona_152;0;0;0;0;0;0;0;0;0;0;0;0;0;0;0;0;1;0;0;0;0;0;1;0;0;0;0;0;0;0;0;0;0;0;0;0;1;0;0;0;0;0;0;0;0;0;0;0;0;0;0;0;0;0;0;0;0;0;0;0;0;0;0;0
Zona_153;0;0;0;0;0;0;0;0;0;0;0;0;0;0;0;0;0;0;0;0;0;0;0;0;1;1;0;0;1;0;0;0;0;0;0;0;0;0;0;0;0;0;0;0;0;0;0;0;0;0;0;0;0;0;0;0;0;0;0;0;1;0;0;0
Zona_154;0;0;0;0;0;1;0;1;0;0;0;0;0;0;0;0;0;0;0;0;0;0;0;0;3;0;0;1;4;0;0;0;1;0;0;0;0;0;0;0;0;0;0;0;0;0;0;0;0;0;0;0;0;0;0;0;0;0;0;0;0;0;0;0
Zona_155;0;0;0;1;0;0;0;0;0;0;0;0;0;0;0;0;0;0;0;0;0;0;0;0;0;0;0;0;0;0;0;0;0;0;0;1;0;0;0;0;0;0;0;0;0;0;0;0;0;0;0;0;0;0;0;0;0;0;0;0;0;0;0;0
Zona_156;0;0;0;0;0;0;1;0;0;0;0;0;0;0;1;0;0;0;0;0;0;0;0;0;0;0;0;0;0;0;0;0;0;0;0;0;1;0;0;0;0;0;0;0;0;0;0;0;0;0;0;0;0;0;0;0;0;0;0;0;0;0;0;0
Zona_157;0;0;0;0;0;0;0;0;0;0;0;0;0;0;0;1;0;0;0;0;0;0;0;0;0;0;0;0;0;0;0;0;0;0;0;0;0;0;0;0;0;0;0;0;0;0;0;0;0;0;0;0;0;1;1;0;0;0;0;0;0;0;0;1
Zona_158;0;1;2;0;2;3;6;1;2;0;0;1;0;0;1;1;0;0;2;0;0;0;0;0;1;0;0;2;2;0;0;0;2;2;1;3;0;1;0;0;1;0;0;1;2;0;0;1;0;2;1;0;0;1;0;0;2;0;0;0;0;0;0;0
Zona_159;1;0;0;1;2;1;1;5;3;0;0;2;0;0;2;0;0;1;0;0;0;1;0;1;0;12;0;0;3;2;0;0;1;3;1;0;0;0;1;0;0;0;2;1;0;0;1;0;0;1;0;1;1;0;0;0;5;0;0;0;0;0;0;0
Zona_160;0;0;0;0;1;1;1;1;3;0;2;0;1;1;1;1;1;0;0;0;1;0;0;0;2;0;0;1;2;1;0;0;0;0;0;0;0;0;0;0;3;0;0;0;0;1;0;0;2;0;0;0;0;0;0;2;0;0;0;1;0;0;0;0
Zona_161;0;0;0;1;0;0;1;0;1;0;0;0;0;0;0;0;0;0;1;0;0;0;1;0;1;3;0;0;3;0;0;0;0;0;2;0;1;0;2;0;0;1;0;0;1;0;0;0;0;1;0;0;0;1;0;0;0;0;0;0;0;0;0;0
Zona_162;1;0;1;0;1;0;6;10;0;0;0;2;1;0;0;1;1;1;4;1;0;1;2;2;0;1;0;0;1;1;0;5;0;0;4;1;1;2;0;1;0;2;1;1;1;1;2;1;0;0;0;0;0;1;0;2;1;0;0;0;1;1;1;0
Zona_163;5;6;0;1;0;5;1;1;14;4;4;2;4;0;14;7;4;2;2;1;5;0;0;1;4;0;5;1;0;2;3;0;0;1;0;6;2;1;0;2;3;6;2;0;2;3;1;2;2;0;8;0;6;0;0;0;0;1;3;1;2;0;1;1
Zona_164;0;0;0;1;0;0;0;0;0;0;0;0;0;0;0;1;0;0;0;0;0;0;0;0;0;0;0;0;0;2;0;0;0;1;0;0;0;0;0;0;0;0;0;0;0;0;0;0;0;0;0;0;0;1;0;0;0;0;1;0;0;0;0;0
Zona_165;0;0;0;0;0;0;0;0;0;0;0;0;0;0;2;0;0;2;0;0;0;0;1;0;0;0;0;0;0;2;0;0;1;0;0;1;0;0;0;0;0;0;0;0;1;0;0;0;0;0;0;0;0;0;0;0;0;0;0;1;0;0;0;0
Zona_166;0;1;1;0;0;0;0;5;1;0;0;0;0;0;1;0;0;1;0;0;0;0;0;0;0;1;0;0;1;0;0;0;1;1;1;0;1;0;0;0;0;1;0;0;0;0;0;0;0;1;0;0;0;0;1;0;2;0;0;0;0;0;0;1
Zona_167;0;0;0;0;0;0;0;0;0;0;0;0;0;0;0;0;0;0;0;0;0;0;0;1;0;0;0;0;3;0;0;0;0;0;0;0;0;0;0;0;0;0;0;0;0;0;0;1;0;1;0;0;0;0;1;0;0;0;0;0;0;0;0;0
Zona_168;0;0;0;0;0;2;3;3;0;0;0;0;0;0;2;1;0;2;0;0;0;1;0;0;0;5;0;0;0;0;0;0;0;0;2;0;0;0;0;0;0;0;0;0;0;1;0;0;0;1;1;0;0;1;0;0;1;0;0;0;0;0;0;0
Zona_169;0;0;0;0;0;0;0;0;0;0;0;1;0;0;0;0;0;0;0;0;0;0;0;0;0;0;0;0;0;0;0;0;0;1;0;0;0;0;0;0;0;0;0;0;0;0;0;0;0;0;0;0;0;0;0;0;0;0;0;0;0;0;0;0
Zona_170;0;1;0;1;0;0;0;0;0;0;0;0;0;0;1;0;0;0;0;0;1;0;0;0;0;0;0;0;0;0;0;0;0;0;0;0;0;0;0;0;0;0;0;0;0;0;0;0;0;0;0;1;0;0;0;0;1;0;1;0;0;0;0;0
Zona_171;0;0;0;0;0;4;1;0;1;0;0;0;0;0;2;0;0;0;0;0;0;0;0;0;0;4;0;1;0;0;0;1;0;0;1;0;0;0;0;0;0;0;0;3;1;0;1;0;0;0;0;0;0;0;0;0;0;0;0;0;0;0;0;0
Zona_172;0;0;0;1;0;0;0;1;0;0;0;0;0;0;1;1;0;1;0;0;0;0;0;1;14;0;0;0;1;0;0;2;5;2;0;0;0;0;0;0;0;0;0;0;0;0;0;0;0;0;0;0;0;0;0;0;0;0;0;0;1;0;0;0
Zona_173;0;0;0;1;0;0;1;1;1;0;0;0;0;1;0;0;0;5;0;0;0;0;0;0;6;0;0;0;2;0;0;0;2;1;0;0;0;0;0;0;0;0;0;1;1;0;0;1;0;0;0;0;0;2;0;1;0;1;0;0;0;1;0;0
Zona_174;0;0;0;2;0;0;2;4;1;0;0;0;0;0;0;1;0;1;0;0;0;2;0;0;0;4;0;0;5;1;0;0;0;3;5;0;1;0;1;0;0;0;1;1;0;0;1;0;0;2;0;0;0;1;1;0;1;0;0;1;0;0;0;0
Zona_175;0;0;0;0;0;0;0;0;0;0;0;0;0;0;0;0;0;0;0;0;0;0;0;0;0;1;0;0;0;0;0;0;0;1;0;0;0;0;0;0;0;0;0;1;0;0;0;0;0;0;0;0;0;0;1;0;0;0;0;0;0;0;0;0
Zona_176;0;2;0;0;2;2;2;5;2;0;0;0;0;2;0;0;1;0;1;0;0;0;1;0;1;2;1;2;3;0;0;1;0;0;2;2;0;0;0;0;1;1;0;1;1;0;0;1;0;4;0;0;1;0;0;1;0;0;0;0;0;0;1;0
Zona_177;5;5;2;2;1;4;14;5;22;19;2;1;6;3;21;5;4;2;9;3;4;0;3;2;0;5;2;5;3;4;4;2;0;2;3;10;2;2;0;1;2;4;1;0;4;10;1;2;5;0;2;1;1;2;0;1;2;1;1;0;0;5;0;3
Zona_178;0;0;0;0;0;0;0;0;0;0;0;0;0;0;0;0;0;0;0;0;0;0;0;0;0;0;0;0;0;0;0;0;0;0;0;0;0;0;0;0;0;0;0;0;0;0;0;0;0;0;0;0;0;0;0;0;0;0;0;0;0;0;0;0
Zona_179;1;0;0;0;0;1;0;0;0;0;0;0;0;1;0;1;0;0;0;0;1;0;0;0;0;0;0;0;0;0;0;0;0;2;0;0;0;0;0;0;0;0;0;1;1;0;0;0;0;0;0;0;0;0;0;1;0;0;0;0;0;0;0;0
Zona_180;0;1;1;1;0;1;4;0;0;0;0;0;0;0;0;0;0;1;0;0;0;0;0;0;0;1;0;0;0;0;0;0;1;1;4;1;1;0;0;0;0;0;0;0;1;0;0;0;0;0;0;0;0;1;0;0;0;0;1;1;0;0;1;1
Zona_181;0;1;0;0;0;0;1;1;1;0;0;0;0;2;0;0;0;0;0;0;0;0;0;0;2;0;0;2;1;2;0;2;0;0;0;0;0;0;0;0;0;0;0;0;0;0;0;0;0;0;0;0;0;0;1;1;0;1;0;0;0;0;0;0
Zona_182;5;10;6;13;7;11;13;58;51;6;3;15;8;4;14;2;1;1;16;1;0;11;3;5;1;4;4;14;5;1;1;0;0;3;20;12;3;0;14;3;6;12;21;2;0;13;22;5;4;1;10;7;5;2;0;1;3;5;19;5;3;4;1;4
Zona_183;1;2;0;2;0;3;4;2;6;1;0;0;1;2;5;6;1;0;0;0;3;0;3;2;1;0;4;5;1;0;4;8;0;0;3;5;1;1;0;2;1;26;3;0;1;4;0;0;3;1;0;0;2;0;0;0;1;1;0;1;3;4;0;2
Zona_184;3;6;1;1;0;1;9;26;16;0;5;3;11;4;6;3;1;1;1;2;0;0;2;2;1;0;2;10;2;2;3;3;0;0;16;5;1;0;0;3;2;3;4;0;2;6;6;7;2;0;1;1;2;1;0;0;0;4;1;1;1;1;1;1
Zona_185;0;0;2;0;0;0;4;0;2;0;0;0;0;0;1;0;0;0;0;1;1;0;0;1;0;0;0;0;2;0;0;0;0;0;0;0;0;0;0;0;0;0;0;0;0;0;0;0;0;0;0;0;0;1;0;0;0;0;0;0;0;0;0;0
Zona_186;0;0;0;0;1;0;0;0;0;0;0;0;0;0;0;1;0;1;0;0;2;0;0;0;0;0;0;0;3;0;0;0;0;1;0;0;0;0;0;0;0;0;0;0;0;0;0;0;0;0;0;0;0;0;0;0;0;1;0;0;0;0;0;0
Zona_187;0;0;1;0;0;0;3;4;2;0;0;0;0;0;1;0;0;0;1;0;1;0;1;1;0;2;0;0;2;0;0;0;0;1;0;3;0;0;0;0;0;0;1;1;0;0;0;0;0;0;0;0;0;1;2;0;0;0;0;0;0;0;0;0
Zona_188;0;0;0;0;0;0;0;0;0;0;0;1;0;0;0;0;0;1;0;0;0;1;0;0;0;0;0;0;0;0;0;0;0;0;0;0;0;0;0;0;1;1;0;1;1;0;0;0;0;0;0;0;0;0;1;0;1;0;0;0;0;0;0;1
Zona_189;0;0;0;0;0;1;0;1;0;0;0;0;0;0;0;0;0;0;0;0;0;0;0;0;0;0;0;0;0;0;0;4;1;0;0;0;0;0;0;0;0;0;0;0;0;0;0;0;0;0;0;1;0;0;0;0;0;0;0;0;0;0;0;1
Zona_190;0;0;0;0;0;0;0;0;0;0;0;0;0;0;0;0;0;0;0;0;0;0;0;0;0;0;0;0;0;0;0;0;0;0;1;0;0;0;0;0;0;0;0;0;0;0;0;0;0;0;0;0;0;0;0;0;0;0;0;0;0;0;0;0
Zona_191;0;0;0;0;0;0;2;0;0;0;0;0;0;0;1;0;0;0;0;0;0;0;0;0;0;1;0;0;2;0;0;0;1;1;0;0;0;0;0;0;0;0;0;0;1;0;0;0;0;1;0;0;0;0;0;0;0;0;0;0;0;0;0;0
Zona_192;0;0;1;0;0;0;0;1;1;0;0;0;0;0;0;0;0;0;0;0;1;0;0;0;0;0;0;0;0;0;0;0;0;1;0;0;0;0;0;0;1;0;0;0;1;0;0;0;0;0;0;0;0;1;0;0;0;0;0;0;0;0;0;0
Zona_193;0;0;0;5;3;0;3;0;5;0;1;0;0;0;3;0;0;2;2;0;1;0;0;0;1;8;1;0;6;0;1;11;0;2;1;0;2;0;1;0;0;1;0;1;1;0;0;0;1;1;0;0;18;0;0;5;2;0;0;0;1;0;1;2
Zona_194;0;0;0;0;0;0;0;0;0;0;0;0;0;0;0;0;0;0;0;0;0;0;0;0;0;0;0;0;0;0;0;0;0;1;0;0;0;0;1;0;0;0;0;0;0;0;0;0;0;0;0;0;0;0;0;0;1;0;0;0;0;0;0;0
Zona_195;0;0;0;0;0;0;0;2;1;0;0;1;0;0;0;0;0;0;0;0;0;0;1;0;0;1;0;0;0;0;0;0;0;1;1;1;0;0;0;0;0;0;1;0;0;0;0;0;0;0;0;0;0;0;0;0;1;0;0;0;0;0;0;0
Zona_196;0;0;0;0;0;0;0;0;0;0;0;0;0;0;0;0;0;0;0;0;0;0;0;0;0;0;0;0;0;0;0;0;0;0;0;0;0;0;0;0;0;0;0;0;0;0;0;0;0;0;0;0;0;0;0;0;0;0;0;0;0;0;0;0
Zona_197;0;5;4;0;2;2;0;1;10;0;1;0;5;2;9;1;1;3;6;1;4;0;0;3;0;1;2;6;0;2;3;3;0;0;4;0;0;3;0;0;1;16;0;0;2;3;0;3;3;0;3;0;1;1;1;1;0;0;1;2;2;8;1;0
Zona_198;0;0;1;0;1;0;1;2;1;0;0;2;1;0;0;0;0;1;0;0;0;1;0;0;1;2;0;0;3;0;0;0;0;2;0;1;0;0;0;0;0;0;0;0;0;0;1;0;0;0;0;0;0;0;2;1;1;0;0;0;0;0;0;3
Zona_199;0;0;0;0;0;0;0;0;0;0;0;0;0;0;0;0;1;0;0;0;1;0;0;0;0;1;0;0;0;0;0;0;0;0;0;0;0;0;0;0;0;0;0;1;0;0;0;0;0;0;0;0;0;0;0;0;0;0;0;0;0;0;0;0
Zona_200;1;0;0;1;4;0;13;13;1;0;1;0;0;0;1;1;2;1;0;0;0;0;0;0;0;0;0;2;1;0;1;0;0;0;4;0;0;0;0;0;0;0;0;1;0;0;0;0;2;0;0;0;0;1;0;0;0;0;0;0;0;0;0;1
Zona_201;0;0;0;0;0;0;2;0;0;0;0;1;0;0;0;0;0;0;1;0;1;0;0;1;0;0;0;1;1;0;0;0;1;1;0;0;0;0;1;0;0;0;0;0;0;0;0;0;0;0;0;0;0;0;0;0;1;0;0;1;0;0;1;0
Zona_202;0;0;0;0;0;0;0;0;0;0;0;0;0;0;0;0;0;0;0;0;0;0;0;0;0;0;0;0;0;0;0;0;0;0;0;0;0;0;0;0;0;0;0;0;0;0;0;0;0;0;0;0;0;0;0;0;0;0;0;0;0;0;0;0
Zona_203;0;1;0;0;0;0;5;3;0;2;0;1;0;0;5;1;0;1;3;0;0;1;0;1;0;1;0;1;1;2;1;6;2;1;5;2;1;1;0;0;0;1;0;1;2;0;1;0;0;0;0;1;1;0;0;1;3;0;0;1;1;0;1;1
Zona_204;0;0;0;0;0;0;0;0;1;0;1;0;0;0;1;0;0;0;0;0;0;0;0;0;0;0;0;0;0;0;0;0;0;0;0;0;0;0;0;0;0;0;0;0;0;0;0;0;0;0;0;0;0;0;0;0;0;0;0;0;0;0;0;0
Zona_205;1;1;3;0;1;0;2;2;1;0;0;0;0;0;2;0;0;0;0;1;3;0;0;0;0;0;0;3;2;0;0;1;0;0;0;0;1;0;0;0;0;0;0;0;0;2;0;0;0;0;1;0;0;1;0;0;0;0;0;0;0;0;0;0
Zona_206;0;0;0;0;0;0;0;1;0;0;1;0;0;0;0;0;0;0;0;0;0;0;0;0;0;0;0;0;3;0;0;0;1;2;0;0;0;0;1;0;1;0;0;0;2;0;0;0;0;1;0;0;0;0;0;0;1;0;0;0;0;0;0;0
Zona_207;0;0;1;0;0;0;1;2;0;0;0;1;0;0;2;1;0;0;0;0;0;0;0;0;0;1;0;1;0;0;0;0;3;0;1;0;0;0;1;0;0;0;0;1;0;0;0;0;0;1;0;0;0;0;0;0;0;0;0;0;0;0;0;0
Zona_208;3;1;4;4;7;0;3;35;15;1;1;0;1;0;6;1;2;3;0;3;2;4;1;0;1;2;3;7;8;0;0;0;0;1;2;8;2;0;0;1;0;3;2;1;0;3;0;3;2;1;5;0;0;0;0;2;1;2;1;1;1;0;0;1
Zona_209;0;0;1;1;0;0;1;2;0;0;0;1;0;1;0;0;0;0;0;0;0;0;0;0;0;1;0;0;0;0;0;0;0;1;0;0;0;0;1;0;0;0;1;2;0;0;0;0;0;1;0;0;0;0;0;1;0;0;0;0;0;0;0;0
Zona_210;0;1;0;0;0;1;4;2;3;0;1;0;0;1;2;1;1;2;0;0;2;0;1;0;0;3;1;0;2;1;0;0;0;0;1;0;0;0;0;0;0;0;0;2;0;1;0;2;0;0;0;0;0;1;0;0;0;0;0;1;1;0;1;0
Zona_211;0;0;1;0;0;1;2;2;4;1;0;8;0;2;3;1;2;0;4;0;2;0;1;0;1;1;0;1;10;1;0;0;0;4;0;2;2;0;1;0;1;1;1;1;1;2;0;0;1;0;0;0;0;1;1;0;1;0;1;0;0;0;2;0
Zona_212;0;0;0;0;0;0;1;0;0;0;0;0;0;0;0;0;0;0;0;0;0;0;0;0;0;0;0;0;0;0;0;0;0;0;0;0;0;0;0;0;0;0;0;0;0;0;0;0;0;0;0;0;0;0;0;0;0;0;0;0;0;0;0;0
Zona_213;0;1;1;0;0;0;2;1;0;0;0;1;0;0;1;1;0;0;0;0;1;0;1;0;1;3;0;1;0;1;0;1;1;0;1;0;0;1;0;0;0;0;0;0;0;1;0;0;0;0;0;0;0;0;0;0;2;0;0;0;0;0;0;0
Zona_214;4;21;2;0;1;3;4;3;23;5;6;1;10;1;15;12;2;0;3;4;1;1;5;1;1;0;3;9;1;0;8;3;4;0;1;7;1;2;0;0;3;18;0;0;2;18;2;7;3;0;4;0;3;0;0;0;1;2;2;2;3;2;3;1
Zona_215;0;0;1;0;0;1;1;0;0;0;0;0;0;0;0;0;0;2;0;1;2;0;1;0;2;1;0;0;1;0;0;0;1;1;0;0;0;0;0;0;0;0;0;0;1;0;0;1;0;1;1;0;0;0;0;0;0;0;0;0;0;0;0;0
Zona_216;0;0;0;0;1;0;0;0;0;0;0;0;0;0;2;0;0;0;0;0;3;0;0;0;0;1;0;0;0;1;0;0;0;0;0;0;0;0;0;0;0;0;0;0;0;0;0;0;1;0;0;0;0;0;1;1;0;1;0;0;1;0;1;0
Zona_217;1;1;1;0;0;0;0;0;2;0;0;0;1;1;0;0;0;1;0;1;1;0;0;0;2;0;0;1;0;0;0;0;2;0;1;1;0;0;0;0;0;0;0;1;0;0;0;0;0;0;0;0;0;0;0;0;0;0;0;0;0;1;0;0
Zona_218;0;0;0;1;0;0;2;2;2;0;2;0;0;0;2;0;1;1;0;1;2;1;0;0;1;7;0;1;0;0;0;0;1;0;0;0;0;0;0;1;0;0;0;0;1;0;0;0;0;0;0;0;0;0;1;1;0;0;0;0;0;1;0;0
Zona_219;3;7;2;0;0;0;2;0;9;1;3;0;0;7;3;0;1;0;0;0;1;0;0;0;0;0;1;1;3;1;0;0;0;0;5;4;0;1;0;0;1;1;0;1;3;4;1;1;2;0;0;0;0;0;0;0;1;1;0;2;1;2;1;0
Zona_220;0;0;0;0;0;0;0;0;0;0;0;0;0;0;0;0;0;0;0;0;0;0;0;0;0;0;0;0;0;0;0;0;0;0;0;0;0;0;0;0;0;0;0;0;0;0;0;0;0;0;0;0;0;0;0;0;0;0;0;0;0;0;0;0
Zona_221;0;0;1;0;0;0;0;0;0;0;0;0;0;0;0;0;0;0;0;0;0;1;0;0;0;0;0;0;1;0;0;0;0;0;0;0;0;0;0;0;0;0;0;0;0;0;0;0;0;0;0;0;0;0;0;0;0;0;0;0;0;0;0;0
Zona_222;0;0;0;0;0;0;1;0;1;0;0;0;0;0;0;0;0;0;0;0;0;0;0;0;0;0;0;0;0;0;0;0;0;0;0;0;0;0;0;0;0;0;0;0;0;0;0;0;0;0;0;0;0;0;0;0;0;0;0;0;0;0;0;0
Zona_223;0;0;3;3;5;0;0;1;2;1;1;0;0;0;2;0;0;1;0;1;1;0;0;2;0;0;0;1;2;2;0;0;5;2;0;3;0;1;0;0;2;2;0;1;2;1;0;1;1;1;1;2;0;1;1;0;1;0;0;0;0;0;0;0
Zona_224;0;0;0;0;0;1;1;0;0;1;0;0;0;0;0;0;0;1;0;0;0;0;0;0;0;0;0;0;2;0;0;0;1;0;0;0;0;0;0;0;0;1;1;1;0;0;0;0;0;0;0;0;0;0;0;0;0;0;0;0;0;0;0;0
Zona_225;0;0;0;0;0;0;0;0;0;0;0;0;0;0;0;0;0;0;0;0;0;0;0;0;0;0;0;0;0;0;0;0;0;0;0;0;0;0;0;0;0;0;0;0;0;0;0;0;0;0;0;0;0;0;0;0;0;0;0;0;0;0;0;0
Zona_226;0;0;0;0;0;1;0;0;1;0;0;0;0;0;0;0;1;1;0;0;0;1;0;1;0;2;0;0;1;0;0;0;0;0;3;0;0;0;0;0;0;0;0;1;0;1;0;0;0;0;0;0;0;0;2;1;2;1;0;1;0;0;1;0
Zona_227;0;0;0;13;0;0;2;37;1;1;0;1;0;0;4;0;2;0;1;1;0;6;0;0;0;2;0;2;0;0;0;0;0;0;3;3;0;0;0;0;3;2;0;0;0;0;5;0;0;0;1;1;0;0;0;0;0;0;0;1;0;0;0;0
Zona_228;0;0;0;1;1;0;0;3;0;0;0;0;0;0;1;0;0;0;0;0;0;0;0;0;0;3;0;0;1;0;0;0;0;0;1;0;1;0;0;0;2;0;0;0;1;0;0;0;0;1;0;0;0;0;0;1;0;0;0;0;0;0;0;0
Zona_229;0;2;0;0;0;0;0;0;1;0;0;0;0;0;1;0;0;0;1;0;0;2;1;1;0;2;0;0;3;0;0;0;0;0;0;0;1;0;0;0;0;0;1;1;1;0;0;0;0;0;0;0;0;0;1;0;2;0;0;0;0;0;0;0
Zona_230;2;4;0;2;0;0;8;3;9;2;1;0;0;1;10;2;1;0;0;1;4;0;0;2;2;0;2;2;2;2;0;2;2;0;1;2;2;2;0;0;3;1;1;0;1;5;0;1;3;1;0;1;0;0;0;0;1;3;1;2;2;3;2;0
Zona_231;0;0;0;0;0;0;0;0;2;0;0;0;0;0;0;0;0;0;1;0;0;0;0;0;0;0;0;0;1;0;0;0;1;1;0;0;0;0;1;0;0;0;0;0;0;0;0;0;0;0;0;0;0;0;0;0;0;0;0;0;0;0;0;0
Zona_232;0;1;0;0;1;1;2;2;6;0;0;0;0;3;6;0;0;4;0;0;0;0;1;0;1;2;0;3;1;0;1;0;1;0;1;2;0;0;2;0;1;1;0;1;0;0;0;2;0;0;0;1;0;1;0;0;0;0;1;1;2;0;1;0
Zona_233;18;21;5;4;3;6;8;8;34;1;11;2;5;0;13;7;5;5;5;5;2;1;7;2;3;1;5;10;4;1;3;1;2;1;4;4;1;1;2;3;6;12;1;1;1;12;2;6;1;0;5;0;6;1;1;1;2;5;3;9;8;2;3;0
Zona_234;4;3;3;1;1;2;9;14;4;0;1;6;1;5;2;1;1;1;2;0;3;1;1;0;0;2;1;0;2;0;0;0;0;0;9;1;1;4;0;1;2;3;4;1;2;0;5;1;1;1;0;2;0;1;0;0;1;0;0;0;1;2;1;0
Zona_235;0;0;0;0;0;0;0;0;0;0;0;0;0;0;0;0;0;0;0;0;0;0;0;0;0;0;0;0;1;0;0;0;0;0;0;0;0;0;0;0;0;0;0;0;0;0;0;0;0;0;0;0;0;0;0;0;0;0;0;0;0;0;0;0
Zona_236;0;0;0;0;0;0;0;0;0;0;0;0;0;0;0;0;0;0;0;0;1;0;0;0;0;1;0;1;1;0;0;0;1;0;0;1;1;0;0;1;0;0;0;0;0;0;0;0;0;0;0;0;0;0;0;0;2;0;0;0;0;0;0;0
Zona_237;0;5;3;1;1;5;9;2;21;2;4;1;0;2;12;2;0;2;2;1;5;0;6;2;0;1;3;9;0;1;1;1;1;0;5;12;0;1;0;3;2;10;1;0;2;4;1;3;2;0;4;2;0;2;0;0;1;2;2;0;1;4;3;0
Zona_238;0;0;0;0;0;1;0;0;1;0;0;0;0;0;0;0;0;0;0;0;1;0;0;0;1;0;0;0;0;0;0;1;0;0;0;0;0;0;0;0;0;0;1;0;0;0;0;0;0;0;0;0;0;0;1;0;0;0;0;0;0;0;0;0
Zona_239;0;0;0;0;0;0;1;0;0;0;0;0;0;1;0;0;0;1;0;0;0;0;0;0;1;2;0;0;1;0;0;1;0;0;0;0;0;0;1;0;0;0;1;0;0;0;1;1;0;0;1;0;0;0;1;0;0;0;0;0;1;0;0;0
Zona_240;0;0;0;0;0;0;0;0;0;0;0;0;0;0;0;0;0;0;0;0;0;1;0;0;0;0;0;0;2;0;0;0;0;0;0;0;0;0;0;0;0;0;0;0;0;0;0;0;0;0;0;0;0;0;0;1;0;0;0;0;0;0;0;1
Zona_241;0;0;0;1;0;0;4;1;1;0;0;0;0;0;1;0;0;2;1;0;0;2;0;0;2;1;0;1;4;1;1;0;1;0;1;0;2;0;0;0;0;0;3;2;2;1;0;0;0;1;0;0;0;0;0;0;0;0;0;0;0;0;0;0
Zona_242;0;0;0;0;0;0;3;1;2;0;0;0;0;0;0;0;1;1;0;0;0;0;1;0;1;1;0;0;1;0;0;0;0;0;0;0;0;1;1;0;0;0;0;0;0;0;0;0;0;0;0;0;0;1;0;0;0;0;0;0;0;0;0;0
Zona_243;0;0;1;0;0;0;0;0;0;0;0;1;0;1;0;0;0;0;0;0;0;1;0;3;0;2;0;0;2;0;0;0;0;0;1;0;0;0;0;0;0;0;1;0;0;0;0;0;0;0;0;0;0;0;0;0;0;0;0;0;0;0;1;0
Zona_244;0;0;0;0;0;1;0;0;1;0;0;0;0;0;0;0;0;0;0;0;0;0;0;0;0;1;0;0;1;0;0;0;0;0;0;1;0;0;0;0;0;0;0;1;0;0;0;1;0;0;0;1;0;0;0;0;1;0;0;0;0;0;0;0
Zona_245;0;0;0;1;0;0;0;0;0;0;0;0;0;0;0;0;0;0;0;0;0;0;0;0;0;0;0;0;0;0;0;0;0;0;0;0;0;0;0;0;0;0;0;0;0;0;0;0;0;0;0;0;0;0;0;0;0;0;0;0;0;0;0;0
Zona_246;0;0;0;0;0;0;0;0;0;0;0;0;0;0;0;0;0;0;0;0;0;0;0;0;0;0;0;0;0;0;0;0;0;0;0;0;0;0;0;0;0;0;0;0;0;0;0;0;0;0;0;0;0;0;1;0;1;0;0;0;0;0;0;0
Zona_247;0;0;2;0;0;0;2;0;0;0;0;0;1;0;2;0;0;0;0;0;1;0;0;1;0;1;0;0;0;0;0;0;0;0;1;1;0;0;0;0;0;2;0;0;0;2;0;1;0;0;0;0;0;0;0;0;0;0;0;0;0;0;0;0
Zona_248;0;0;0;0;0;0;0;0;1;0;0;1;0;0;0;0;0;0;1;0;0;0;0;0;1;0;0;0;0;0;0;3;0;2;0;1;0;0;0;0;0;0;0;0;1;0;1;0;0;0;0;0;0;0;0;1;2;0;0;0;0;0;0;1
Zona_249;0;0;0;1;0;0;1;0;1;0;0;0;0;0;1;0;0;0;0;0;0;1;1;0;0;2;0;0;2;2;0;0;2;0;0;0;0;0;0;0;1;1;0;0;1;0;0;1;0;0;0;0;0;0;0;0;0;0;0;0;0;0;0;0
Zona_250;0;4;0;0;1;0;5;2;2;0;4;1;0;2;3;1;0;2;3;1;2;0;0;1;0;1;0;2;1;1;0;1;0;2;6;4;0;1;0;1;1;1;0;0;0;1;0;0;0;1;0;3;0;0;1;1;2;0;0;1;1;0;1;0
Zona_251;0;0;0;0;0;1;1;0;1;0;0;0;1;0;0;1;0;0;0;0;0;0;0;0;0;0;2;0;0;0;0;3;2;0;0;0;0;0;1;0;0;0;0;0;0;0;0;0;1;0;2;0;0;0;0;0;0;0;0;0;0;0;0;0
Zona_252;0;0;1;0;1;1;1;0;1;0;0;0;0;0;0;0;0;0;0;0;1;0;0;0;0;1;0;1;3;0;0;0;0;0;0;0;1;0;0;0;1;0;0;0;0;0;0;0;0;1;0;0;0;0;0;0;2;0;0;0;0;0;2;0
Zona_253;0;0;0;0;0;0;0;1;0;0;0;0;0;0;0;0;0;0;0;0;0;0;0;0;0;0;1;0;1;0;0;0;0;0;0;0;0;0;0;0;0;0;0;1;0;0;0;0;0;0;0;0;0;0;0;1;1;0;0;0;0;0;1;0
Zona_254;1;0;0;0;0;0;0;1;2;0;0;0;0;1;2;1;2;1;0;0;0;0;0;0;0;7;0;0;3;0;0;0;0;0;3;0;1;0;0;0;0;0;0;1;1;0;2;0;0;0;0;0;0;0;0;1;1;1;0;0;1;0;0;1
Zona_255;0;0;0;0;0;0;0;0;0;0;0;0;0;0;0;0;0;0;0;0;0;0;0;0;0;1;0;0;0;0;0;0;0;0;0;0;0;0;0;0;0;0;0;0;0;0;0;0;0;0;0;0;0;0;0;0;0;0;0;0;0;0;0;0
Zona_256;1;2;2;0;1;2;20;19;7;2;2;1;3;5;7;17;3;0;2;6;5;0;1;5;0;9;4;3;5;1;3;1;0;1;4;4;3;1;0;1;3;2;2;1;1;2;2;3;4;0;1;1;0;0;0;2;1;1;1;0;1;0;1;2
Zona_257;1;1;2;2;1;1;3;0;7;0;1;0;0;5;4;1;1;5;4;0;1;1;0;1;1;1;0;5;1;2;1;1;2;1;2;2;0;3;0;2;1;2;0;1;2;2;0;0;1;0;0;2;7;1;0;1;3;1;1;0;0;3;0;0
Zona_258;0;0;0;0;0;0;0;0;1;0;0;0;0;0;0;0;0;0;0;0;0;0;0;0;0;0;0;0;1;0;0;1;0;0;0;0;0;0;1;0;0;0;0;0;0;0;0;0;0;0;0;0;0;0;0;0;0;0;0;0;0;0;0;0
Zona_259;0;0;1;0;1;0;0;1;0;0;0;4;0;0;0;0;0;0;0;0;0;0;0;0;0;1;0;0;3;0;0;0;0;0;1;2;0;0;1;0;0;1;1;0;1;0;0;0;0;0;0;0;0;0;0;0;0;0;0;0;1;0;0;1
Zona_260;0;0;0;0;0;0;0;0;0;0;0;0;0;0;0;0;0;0;0;0;0;0;0;0;0;0;0;0;0;0;0;0;0;0;0;0;0;0;0;0;0;0;0;0;0;0;0;0;0;0;0;0;0;0;0;0;0;0;0;0;0;0;0;0
Zona_261;1;0;1;0;0;0;0;1;1;0;0;0;0;0;1;0;0;0;0;0;1;0;0;1;0;1;1;0;1;0;0;0;0;1;2;1;0;0;2;0;0;0;0;0;1;0;0;0;1;1;0;0;0;0;0;0;0;0;0;0;0;0;1;1
Zona_262;1;4;2;0;0;4;8;0;5;1;1;0;3;1;7;1;0;2;6;0;5;0;0;1;0;1;1;2;4;2;1;1;3;0;5;2;3;1;0;1;0;5;0;1;1;2;0;2;0;0;0;1;0;1;0;0;3;0;0;1;2;2;1;0
Zona_263;0;2;0;0;1;0;0;0;1;2;1;1;0;0;0;1;0;0;2;0;0;0;0;0;0;0;0;2;0;0;1;0;0;0;1;1;0;0;0;0;0;7;0;0;0;0;0;0;0;0;0;0;0;0;0;0;0;1;0;0;0;1;0;0
Zona_264;0;0;1;0;0;0;1;1;1;0;0;0;0;1;1;0;0;1;0;0;0;1;0;0;1;3;0;1;2;0;0;0;1;0;6;1;0;0;0;0;0;0;0;2;2;0;1;1;0;0;0;0;0;0;0;0;1;0;0;0;0;0;0;0
Zona_265;0;1;1;2;0;0;1;0;1;0;0;0;0;0;0;0;0;0;1;0;0;0;0;0;0;1;0;0;1;0;0;1;2;1;1;0;1;1;3;0;0;0;0;1;1;1;0;0;0;0;0;0;0;0;2;3;1;0;0;0;1;0;0;1
Zona_266;0;0;0;1;0;0;0;0;0;0;0;0;0;0;1;0;0;0;0;0;0;0;0;0;0;0;0;0;0;0;0;0;0;0;0;0;0;0;0;0;0;0;0;1;0;0;0;0;0;0;0;0;0;0;0;0;0;0;0;0;0;0;0;0
Zona_267;1;1;1;0;2;5;10;5;6;0;0;0;1;2;3;0;2;4;3;2;4;0;0;1;0;1;1;2;0;0;2;0;0;3;3;3;0;1;0;0;1;0;0;0;1;2;1;2;1;0;0;0;2;1;0;0;1;1;1;1;1;3;1;1
Zona_268;12;23;6;5;4;11;26;12;53;11;11;5;13;5;28;16;4;0;8;21;17;2;6;9;6;7;17;21;3;2;12;0;0;3;7;32;2;7;0;12;3;36;5;4;5;32;1;11;9;2;11;7;5;1;0;1;0;6;6;5;7;11;1;3
Zona_269;0;0;0;0;0;0;0;0;0;0;0;0;0;0;1;0;0;0;0;0;1;0;0;0;0;1;1;1;2;0;0;0;0;0;1;0;0;0;0;0;0;0;1;0;0;0;0;0;0;1;0;0;0;0;0;0;0;0;0;0;0;0;0;0
Zona_270;1;1;0;0;0;0;2;1;7;2;0;0;1;0;6;3;1;1;0;1;1;0;0;2;0;1;1;0;0;0;0;2;0;0;1;3;0;0;0;1;1;2;1;0;1;1;0;4;0;1;1;1;0;0;1;0;0;1;0;0;0;1;0;0
Zona_271;0;1;0;0;0;0;0;0;0;0;0;0;0;0;0;0;0;1;0;0;0;0;0;0;0;1;0;0;1;0;0;0;0;0;0;0;0;0;0;0;0;0;0;0;1;0;0;0;0;0;0;0;0;0;0;0;0;0;0;0;0;0;0;0
Zona_272;0;0;0;0;0;0;0;0;0;0;0;0;0;0;0;0;0;0;0;0;0;0;0;0;0;0;0;0;0;0;0;0;0;0;0;0;0;0;0;0;0;0;0;0;0;0;0;0;0;0;0;0;0;0;0;0;0;0;0;0;0;0;0;0
Zona_273;1;0;0;0;0;0;0;0;1;0;0;1;0;0;0;0;0;1;0;0;0;0;0;0;0;1;0;1;1;0;0;0;1;0;0;0;0;0;3;0;0;0;0;0;1;0;0;0;0;0;0;0;0;0;0;1;0;0;0;0;0;0;0;0
Zona_274;0;0;1;0;0;0;0;1;0;0;0;0;0;2;0;1;0;0;0;0;1;2;1;0;0;1;0;0;2;0;0;0;0;1;0;0;1;0;0;0;0;0;2;2;2;0;1;0;0;1;0;0;0;0;0;0;0;0;0;0;1;0;0;1
Zona_275;4;3;1;0;0;0;0;0;4;2;1;0;0;0;5;1;1;0;0;0;0;0;1;0;1;0;1;1;1;1;0;0;1;1;1;1;1;0;0;1;1;2;0;0;1;3;0;2;1;0;1;0;0;0;0;0;1;0;1;0;1;0;1;0
Zona_276;0;1;0;0;0;0;2;1;1;0;0;1;0;0;1;0;1;2;1;1;0;0;0;1;0;3;0;3;1;0;0;0;3;0;2;1;0;2;0;1;0;2;0;0;0;0;0;0;2;1;0;1;0;0;0;0;1;0;0;0;1;0;0;0
Zona_277;0;0;0;0;1;0;0;4;0;0;0;1;0;1;1;0;0;0;0;0;0;0;0;0;0;0;0;0;0;0;0;0;0;0;0;0;1;0;0;0;2;0;0;0;0;1;0;0;0;0;1;0;0;0;1;0;1;1;0;0;1;0;0;0
Zona_278;14;14;4;1;2;6;27;34;40;7;4;5;13;18;27;17;5;2;14;12;14;2;5;2;2;5;2;18;2;1;4;1;0;1;12;7;0;8;0;2;3;28;9;1;3;17;5;16;8;0;5;0;5;1;0;0;0;4;5;4;5;15;8;1
Zona_279;0;0;0;2;0;2;2;0;0;0;0;0;0;0;0;0;0;0;0;0;0;0;0;0;0;1;0;0;0;0;0;0;0;0;1;1;0;0;0;0;0;0;0;0;1;0;0;0;0;0;0;0;0;0;0;0;0;0;0;0;0;0;1;0
Zona_280;2;2;2;0;1;1;5;13;5;2;5;2;3;1;0;1;0;3;2;0;1;1;0;2;1;2;0;6;2;1;0;1;1;1;5;6;2;3;0;0;1;3;2;0;0;3;3;3;0;0;0;0;1;0;0;0;0;2;0;0;1;1;2;0
Zona_281;0;0;0;0;0;0;0;0;0;0;0;0;0;0;0;0;0;0;0;0;0;0;0;0;0;0;0;0;0;0;0;0;0;0;0;0;0;0;0;0;0;0;0;0;0;0;0;0;0;0;0;0;0;0;0;0;0;0;0;0;0;0;0;0
Zona_282;0;0;0;0;0;0;0;0;0;0;0;0;0;0;0;0;0;0;0;0;0;0;0;0;0;0;0;0;0;0;0;0;0;0;0;0;0;0;0;0;0;0;0;0;0;0;0;0;0;0;0;0;0;0;0;0;0;0;0;0;0;0;0;0
Zona_283;0;0;1;0;0;0;0;1;0;0;0;0;0;0;0;0;0;0;0;0;0;0;0;0;0;0;0;0;0;0;0;0;0;0;0;0;0;0;0;0;0;0;0;0;0;0;0;0;1;0;0;0;0;0;0;0;0;0;0;0;0;0;0;0
Zona_284;0;0;0;0;1;0;0;3;0;0;0;0;0;0;0;0;0;0;1;0;0;0;0;0;0;1;0;0;2;0;0;0;0;0;0;0;0;0;0;0;0;1;0;0;0;0;0;0;0;0;0;0;0;0;0;0;0;0;0;0;0;0;0;1
Zona_285;0;1;0;0;0;1;0;1;0;0;1;0;1;0;2;1;1;1;1;0;0;0;0;0;0;0;0;1;0;0;0;0;1;1;0;0;0;0;0;0;0;1;0;0;0;1;0;0;0;1;0;1;0;1;0;0;1;0;1;1;0;0;0;0
Zona_286;0;1;0;0;0;0;1;0;1;0;0;1;0;0;1;0;0;0;0;0;1;0;0;0;0;0;0;0;1;0;0;0;1;0;2;0;0;0;0;0;0;0;1;0;0;0;0;0;0;0;0;0;0;0;0;0;0;0;0;0;0;0;0;1
Zona_287;0;0;0;0;0;0;0;0;0;0;0;0;0;0;0;0;0;0;0;0;0;0;0;0;0;0;0;0;0;0;0;0;0;0;0;0;0;0;0;0;1;1;0;0;0;0;0;0;0;0;1;0;0;0;0;0;0;0;0;0;0;0;0;1
Zona_288;0;1;0;1;2;0;1;2;3;0;0;0;0;1;2;1;0;4;1;0;0;1;2;0;0;6;1;0;1;0;0;1;0;2;4;0;0;0;0;0;1;1;0;1;4;0;2;0;0;1;0;1;0;2;0;0;2;2;1;0;0;0;1;0
Zona_289;0;0;0;0;0;0;0;0;0;0;0;0;0;0;0;0;1;0;0;0;0;0;0;0;0;0;0;0;0;0;0;0;0;0;0;0;0;0;0;0;0;0;0;0;0;0;0;0;0;0;0;0;0;0;0;0;0;0;0;0;0;0;0;0
Zona_290;0;0;0;0;0;0;0;0;1;0;0;0;0;0;0;0;0;0;0;0;0;0;0;0;0;0;0;0;0;0;0;0;0;0;0;0;0;0;0;0;0;0;0;0;0;0;0;0;0;0;0;0;0;0;0;0;0;0;0;0;0;0;0;0
Zona_291;0;0;0;0;0;0;1;1;0;0;0;0;0;0;2;0;0;1;0;0;0;0;1;0;1;0;0;1;2;0;0;2;0;0;2;0;0;0;1;0;0;0;0;0;0;0;0;0;0;1;0;0;0;2;3;0;0;0;0;0;0;0;0;1
Zona_292;0;1;0;0;0;0;8;0;0;1;0;0;0;0;0;0;1;0;0;0;0;0;0;0;0;1;0;1;2;1;0;0;1;0;1;0;0;0;0;0;0;0;0;0;0;0;0;0;1;0;0;1;0;0;0;1;0;0;0;0;0;0;0;1
Zona_293;0;0;0;0;0;0;0;0;1;0;0;0;0;0;0;0;0;0;0;0;0;0;0;0;2;0;0;0;0;0;0;0;0;0;0;0;0;0;0;0;0;0;0;0;0;0;0;0;0;0;0;0;0;0;0;0;0;0;0;0;0;0;0;0
Zona_294;0;0;0;0;0;0;2;0;0;0;0;1;0;0;0;0;0;0;0;0;0;0;0;1;1;0;0;0;1;0;0;0;0;0;1;0;0;0;0;0;0;0;0;0;0;0;0;0;0;0;0;0;0;0;0;0;0;0;0;0;0;0;0;0
Zona_295;0;0;0;0;0;0;0;0;0;0;0;0;0;0;0;0;0;0;0;0;0;0;0;0;1;1;0;0;2;0;0;0;0;1;0;0;0;0;1;0;0;0;0;1;0;0;0;0;0;0;0;0;0;0;0;0;0;0;0;0;0;0;0;0
Zona_296;0;0;0;0;0;0;1;0;0;1;0;0;0;0;0;0;0;0;0;0;0;0;0;0;0;0;0;0;0;1;0;0;0;0;0;0;1;0;0;0;0;0;0;0;0;1;0;0;0;1;0;0;0;0;0;0;0;0;0;0;0;0;0;0
Zona_297;0;0;0;0;0;0;0;1;1;0;0;0;0;0;0;0;0;0;0;0;0;0;0;0;0;4;0;0;1;0;0;0;1;4;1;0;1;0;0;0;0;0;0;0;1;0;1;0;1;0;0;1;0;1;0;0;1;0;0;0;0;0;0;1
Zona_298;0;1;0;0;2;1;3;1;2;0;0;0;0;0;0;1;0;0;2;0;1;0;2;0;0;2;0;1;4;1;0;2;1;0;0;0;1;0;0;0;0;0;0;1;1;0;1;0;1;0;1;0;0;0;0;1;1;0;0;0;0;0;2;0
Zona_299;0;0;0;0;0;0;0;1;0;1;0;0;0;0;0;1;1;0;0;0;0;0;0;0;0;0;0;0;0;0;1;0;0;0;0;0;0;0;0;0;0;0;0;0;0;1;0;0;0;0;0;0;0;0;0;0;0;0;0;0;0;0;0;0
Zona_300;0;0;1;0;0;0;1;2;1;0;0;0;0;0;0;0;1;0;0;0;0;1;0;0;0;3;0;0;3;0;0;0;0;1;1;0;0;0;0;0;0;0;0;0;0;0;1;0;0;0;0;0;0;0;0;1;1;0;0;1;0;0;0;0
Zona_301;0;0;0;0;0;0;0;0;0;0;0;0;0;0;0;0;0;0;0;0;0;0;0;0;0;0;0;0;0;0;0;0;0;0;0;0;0;0;0;0;0;0;0;0;0;0;0;0;0;0;0;0;0;0;0;0;0;0;0;0;0;0;0;0
Zona_302;0;0;0;0;0;0;0;0;0;0;0;0;0;0;1;0;0;0;0;0;0;0;0;0;0;1;0;0;0;0;0;0;0;0;0;0;0;0;0;0;0;0;0;0;0;0;0;0;0;0;0;0;0;0;0;0;1;0;0;0;0;0;1;0
Zona_303;0;1;0;0;1;0;0;0;0;1;0;1;0;1;1;0;1;2;1;0;2;1;2;1;0;1;0;2;7;0;0;12;0;0;0;1;0;0;0;0;0;0;0;1;0;1;0;0;0;0;1;0;0;1;0;0;0;0;1;0;0;1;0;0
Zona_304;0;0;0;0;0;0;0;0;0;0;0;0;0;0;0;0;0;1;0;0;0;0;0;0;0;0;0;0;0;0;0;0;0;1;0;0;0;0;0;0;0;0;0;0;1;0;0;0;0;0;0;0;0;0;1;0;0;0;0;0;0;0;0;0
Zona_305;1;0;0;1;0;0;1;0;1;0;0;0;0;0;3;0;2;2;0;1;1;0;0;1;0;3;0;0;2;0;0;1;0;4;1;0;0;0;0;0;0;0;0;0;0;0;0;0;0;0;0;0;0;0;0;0;0;0;0;0;0;0;0;0
Zona_306;0;0;0;0;0;0;1;0;0;0;0;0;0;0;0;2;0;0;0;0;1;0;0;0;0;0;0;0;1;0;0;0;0;1;1;0;0;0;0;0;0;0;0;0;0;0;0;0;0;0;0;0;0;0;1;1;0;0;0;0;0;0;0;0
Zona_307;0;0;0;0;0;0;0;1;1;0;0;0;0;0;0;0;0;0;0;0;0;0;0;0;0;0;0;0;5;0;0;0;1;0;1;0;0;1;1;0;0;0;0;0;2;0;0;0;0;0;0;1;0;0;1;0;1;0;0;2;0;0;0;0
Zona_308;0;0;0;0;0;0;1;0;0;0;0;0;0;0;0;0;0;0;0;0;0;0;0;0;0;0;0;0;1;0;0;0;0;0;0;0;0;0;0;0;0;0;0;0;0;0;0;0;0;0;0;0;0;0;0;0;0;0;0;0;0;0;0;0
Zona_309;0;0;0;0;0;0;3;0;0;0;0;0;0;0;1;0;0;0;1;0;0;0;0;0;1;2;0;0;1;0;0;0;0;2;1;2;2;0;0;0;0;0;0;1;1;0;0;0;0;0;0;0;0;0;1;0;0;0;0;0;0;0;0;2
Zona_310;0;0;0;0;0;0;0;0;0;0;0;0;0;0;0;0;0;0;0;0;0;0;0;0;0;0;0;0;0;0;0;0;0;0;0;0;0;0;0;0;0;0;0;0;0;0;0;0;0;0;0;0;0;0;0;0;0;0;0;0;0;0;0;0
Zona_311;1;2;0;1;1;1;5;2;2;0;1;0;0;0;3;0;0;1;1;1;2;0;1;1;1;2;0;0;4;0;1;4;2;1;3;0;1;0;0;1;1;3;0;1;1;1;0;0;1;2;1;1;0;0;0;1;1;0;0;0;0;0;0;0
Zona_312;0;1;0;0;0;0;0;0;0;0;0;0;0;0;1;0;0;0;0;0;0;0;1;0;0;4;0;0;4;0;0;0;1;0;0;0;1;0;1;0;0;0;0;0;0;0;0;0;0;0;1;0;0;1;0;0;0;0;0;0;0;0;0;1
Zona_313;0;0;0;0;0;0;0;0;0;0;0;0;0;0;0;0;0;0;0;0;0;0;0;0;0;0;0;0;0;0;0;0;0;0;0;0;0;0;0;0;0;0;0;0;0;0;0;0;0;0;0;0;0;0;0;0;1;0;0;0;0;0;0;0
Zona_314;0;1;0;0;0;0;0;1;0;0;0;0;0;0;0;0;0;0;1;0;1;0;0;0;0;1;0;0;3;0;0;2;1;0;1;0;0;0;0;0;0;0;0;0;0;0;0;0;0;0;1;0;1;0;0;0;0;0;0;0;0;0;0;0
Zona_315;0;0;0;0;0;0;0;0;0;0;0;0;0;1;0;0;0;0;0;0;0;0;0;0;0;0;0;0;0;0;0;0;0;0;0;0;0;0;0;0;0;0;0;0;0;0;0;0;0;0;0;0;0;0;0;0;0;0;0;0;0;0;0;0
Zona_316;0;3;0;0;1;0;1;4;1;1;0;0;0;2;1;2;1;1;0;0;0;1;2;1;2;2;0;0;2;0;0;2;0;1;0;0;1;0;1;0;1;0;0;0;2;0;1;0;0;1;0;1;0;0;1;0;3;0;0;1;0;0;0;0
Zona_317;1;0;1;0;1;0;1;0;1;0;0;0;0;0;0;0;1;1;0;0;3;0;0;0;4;0;0;0;0;0;0;0;0;0;0;0;0;0;0;0;0;0;0;0;0;0;0;0;0;0;0;1;0;0;1;0;2;0;0;0;0;1;0;1
Zona_318;3;5;0;2;6;0;2;1;5;0;1;1;1;1;7;1;1;3;3;0;3;0;1;0;1;0;0;3;2;0;0;3;5;1;5;5;1;2;1;2;3;3;0;0;1;3;0;1;0;2;0;1;1;0;0;1;0;0;1;1;0;0;1;1
Zona_319;0;0;0;0;0;0;0;0;0;0;0;0;0;0;0;0;0;0;0;0;0;0;0;0;0;0;0;0;0;0;0;0;0;0;0;0;0;0;0;0;0;0;0;0;0;0;0;0;0;0;1;0;0;0;1;0;0;0;0;0;0;0;0;0
Zona_320;0;0;0;0;0;0;2;8;1;2;0;1;0;1;5;0;0;0;0;0;0;0;2;0;1;2;1;2;4;0;0;0;1;1;2;0;3;0;1;1;0;0;3;1;0;0;3;0;0;2;0;1;0;0;0;1;0;0;1;0;0;0;0;1
Zona_321;0;2;0;0;0;0;2;3;0;0;0;2;0;1;1;0;0;1;1;0;0;0;0;0;0;12;0;0;0;0;0;0;0;0;2;0;0;0;0;0;1;1;1;1;0;0;0;0;0;0;0;0;1;0;0;0;0;0;0;1;0;0;0;1
Zona_322;0;0;0;0;0;0;0;0;0;0;0;0;0;1;0;0;0;0;0;0;0;0;0;0;0;0;0;0;1;0;0;0;0;0;0;0;0;0;0;0;0;0;0;0;0;0;0;0;0;0;0;0;0;0;0;0;0;0;0;0;0;0;0;0
Zona_323;0;0;0;0;0;0;0;0;0;0;0;0;0;0;0;0;0;0;0;0;0;0;0;0;0;0;0;0;0;0;0;0;0;1;0;0;0;0;0;0;0;0;0;0;0;0;0;0;0;0;0;0;0;0;0;1;1;0;0;0;0;0;0;0
Zona_324;0;0;0;0;0;1;1;1;0;0;0;0;0;0;1;0;0;0;0;0;0;1;0;0;0;0;0;0;1;0;0;0;0;1;1;0;0;0;1;0;0;0;1;0;1;0;0;0;1;0;0;0;0;0;2;0;0;0;0;0;0;0;0;0
Zona_325;0;1;0;0;0;0;1;0;0;0;0;0;0;0;0;0;0;0;0;0;0;0;0;1;1;0;0;0;1;0;0;0;0;0;1;0;0;1;0;0;0;0;0;0;0;0;0;0;0;0;0;0;0;1;0;0;0;0;0;0;0;0;0;0
Zona_326;0;0;1;11;5;1;1;18;2;1;0;1;0;0;3;0;0;0;0;1;2;0;0;0;0;4;1;2;8;2;0;0;0;1;2;1;0;0;0;4;0;0;5;1;0;0;6;0;0;0;0;1;0;0;0;1;6;0;0;0;0;1;1;0
Zona_327;0;0;0;0;1;0;1;0;0;0;0;0;0;0;1;0;0;0;0;0;0;0;0;0;0;0;0;1;0;0;0;0;0;0;2;1;0;0;1;0;0;0;0;0;0;0;0;0;0;1;0;0;0;0;0;1;0;0;0;0;0;0;0;0
Zona_328;0;0;0;0;1;0;0;0;0;0;0;0;0;0;0;0;0;0;0;0;0;0;0;0;0;0;0;0;2;0;0;0;0;0;0;0;0;0;0;0;0;0;0;1;0;0;0;0;0;0;0;0;0;0;0;1;0;0;0;0;0;0;0;0
Zona_329;0;0;0;0;1;0;0;1;0;0;0;1;0;0;0;0;0;1;1;0;0;0;0;0;1;1;0;0;1;0;0;0;0;0;0;0;0;0;0;0;1;0;0;0;0;0;0;0;1;0;1;0;0;0;1;1;0;0;0;0;0;0;0;0
Zona_330;0;0;0;0;0;1;0;0;0;0;0;0;0;0;0;1;1;0;0;0;3;0;0;0;0;0;0;0;2;0;0;0;0;0;0;1;0;0;0;0;0;0;0;0;0;0;0;0;0;0;0;0;0;0;0;0;0;0;0;0;0;0;0;0
Zona_331;0;0;0;0;0;0;0;0;0;0;0;0;0;0;0;0;0;0;0;0;0;0;0;0;0;0;0;0;0;0;0;0;0;0;0;0;0;0;0;0;0;0;0;0;0;0;0;0;0;0;0;0;0;0;0;0;0;0;0;0;0;0;0;0
Zona_332;0;0;0;0;0;0;0;1;0;0;0;0;0;1;0;0;0;2;2;0;0;0;1;0;0;4;0;0;3;0;0;0;1;0;1;0;0;0;0;0;0;0;0;1;0;0;0;0;0;1;0;0;0;1;0;0;1;0;0;0;0;0;0;0
Zona_333;0;0;1;0;0;0;2;2;2;1;0;0;0;1;4;0;1;3;1;0;1;0;1;0;0;6;0;3;1;0;0;1;3;2;2;0;1;0;0;0;1;0;0;0;0;0;1;0;0;2;0;0;0;1;0;1;2;0;0;0;1;2;0;1
Zona_334;0;0;0;0;0;0;0;0;0;0;0;0;0;0;0;1;1;0;0;0;0;0;0;0;0;0;0;0;0;0;0;0;0;0;0;0;0;0;0;0;1;0;0;0;0;0;0;0;0;0;0;0;0;1;0;0;1;0;0;0;0;0;0;0
Zona_335;0;0;0;0;0;1;0;1;0;0;0;0;0;0;0;0;0;0;0;0;0;0;0;0;0;1;0;0;2;0;0;0;0;0;0;0;0;0;0;0;0;0;0;1;0;0;0;0;0;0;0;0;0;0;0;0;0;1;0;0;0;0;0;0
Zona_336;0;0;0;0;1;0;0;1;1;0;0;0;0;0;1;0;0;0;0;0;0;0;1;0;0;0;0;0;2;0;0;0;0;2;1;0;0;0;0;0;0;0;0;0;0;0;0;0;0;0;0;0;0;0;0;0;2;0;0;0;0;0;0;0
Zona_337;0;2;0;0;0;2;3;1;3;1;0;0;1;0;0;0;0;1;2;0;0;0;1;0;0;3;0;1;1;0;1;0;0;1;2;1;0;3;0;0;0;0;0;2;1;1;0;0;0;0;0;0;0;1;0;0;0;0;0;0;0;0;0;0
Zona_338;0;0;0;0;0;0;0;0;0;0;0;0;0;0;0;0;0;0;0;0;0;0;0;0;0;0;0;0;0;0;0;0;0;0;0;0;0;0;0;0;0;0;0;0;0;0;0;0;0;0;0;0;0;0;0;0;0;0;0;0;0;0;0;0
Zona_339;0;0;0;0;0;0;0;0;1;0;0;0;0;0;0;0;0;0;0;0;0;0;0;0;0;0;0;0;0;0;0;0;0;0;0;0;0;0;0;0;0;0;0;0;0;0;0;0;0;0;0;0;0;0;0;0;0;0;0;0;0;0;0;0
Zona_340;0;0;0;0;0;0;0;1;2;0;1;0;0;0;0;0;0;0;0;0;1;0;0;0;0;1;0;0;3;0;0;0;1;0;0;3;0;1;1;0;0;0;0;2;2;0;0;0;0;0;0;0;0;1;1;0;0;0;0;0;0;0;0;1
Zona_341;0;0;0;1;0;0;0;1;1;0;1;1;0;0;1;0;0;0;0;0;0;0;1;0;0;0;0;0;2;0;0;0;0;0;0;0;0;1;0;0;0;0;0;1;0;0;0;0;0;0;0;1;0;0;0;1;0;0;0;0;0;0;0;0
Zona_342;0;0;0;0;0;0;0;0;0;0;0;0;0;1;1;0;0;0;0;0;0;0;0;0;0;0;0;0;0;0;0;0;0;0;0;0;0;0;0;0;1;0;0;0;0;0;0;0;0;0;0;0;0;0;0;0;1;0;0;0;1;0;0;0
Zona_343;1;1;1;0;0;1;5;12;2;1;0;0;1;3;4;0;1;0;1;0;0;1;0;1;1;5;1;1;1;0;0;0;1;1;2;4;2;0;0;1;0;0;8;2;2;1;1;4;1;2;1;0;0;1;0;0;1;0;0;0;0;1;2;0
Zona_344;0;0;0;0;0;0;0;0;0;0;0;0;0;0;0;0;0;0;0;0;0;0;0;0;0;0;0;0;0;0;0;0;0;0;0;0;0;0;0;0;0;0;0;0;0;0;0;0;0;0;0;0;0;0;0;0;0;0;0;0;0;0;0;0
Zona_345;0;0;0;0;0;0;0;1;0;0;0;0;0;0;0;0;0;0;0;0;0;0;0;0;0;1;0;0;1;0;0;0;0;0;0;0;0;0;0;0;1;0;0;0;0;0;0;0;0;0;0;0;0;0;0;0;0;0;0;0;0;0;0;0
Zona_346;0;0;1;0;0;0;1;1;0;0;0;0;0;0;0;0;0;0;0;0;0;0;0;0;0;0;0;0;3;0;0;0;0;3;0;0;1;0;2;0;1;0;2;1;0;2;0;0;0;0;0;0;0;0;0;0;1;0;0;0;0;0;0;0
Zona_347;0;1;0;0;1;0;1;0;0;0;0;0;0;1;0;0;0;1;0;0;1;0;0;0;0;1;0;0;0;0;0;0;1;0;0;0;0;0;0;0;0;0;0;0;1;0;0;0;0;0;0;0;0;0;0;0;0;0;0;0;0;0;0;0
Zona_348;0;0;1;0;0;1;2;1;0;1;0;1;0;0;0;0;0;0;0;0;0;0;0;0;0;1;0;0;1;0;0;0;0;2;0;0;0;0;0;1;0;0;0;2;2;0;0;0;0;0;0;0;0;0;2;0;0;0;0;0;0;0;0;0
Zona_349;0;0;0;0;0;0;0;0;0;0;0;0;0;0;0;0;0;0;0;0;0;0;0;0;0;0;0;0;0;0;0;0;0;0;0;0;0;0;0;0;0;0;0;0;0;0;0;0;0;0;0;0;0;0;0;0;0;0;0;0;0;0;0;0
Zona_350;0;0;0;0;0;0;1;0;0;0;0;0;0;0;0;0;0;2;0;0;0;0;0;0;0;0;0;0;0;0;0;0;1;0;0;0;0;0;0;0;0;0;0;0;0;0;0;0;0;0;0;0;0;0;0;0;0;0;0;0;0;0;0;0
Zona_351;0;1;0;1;0;0;4;3;3;0;1;0;0;2;1;0;1;1;0;0;0;0;2;2;0;5;0;0;1;2;0;0;1;2;2;3;2;0;0;0;0;0;0;1;3;0;0;0;1;0;0;0;0;0;1;2;0;0;0;0;1;0;0;1
Zona_352;0;0;1;0;0;0;0;0;0;0;0;0;0;0;0;0;0;0;0;0;0;0;0;0;0;1;0;0;0;0;0;0;0;3;0;0;0;0;0;0;0;0;0;0;0;0;0;0;0;0;0;0;0;1;0;0;0;0;0;0;0;0;0;0
Zona_353;1;0;0;2;0;0;1;1;8;2;1;0;0;0;2;3;1;0;0;1;0;0;1;1;0;0;0;2;0;0;1;3;0;1;0;1;0;2;0;0;0;4;0;0;0;1;0;2;1;0;0;0;0;0;0;0;1;0;0;0;1;2;1;0
Zona_354;0;0;0;0;0;0;0;0;0;0;0;0;0;0;0;0;0;0;0;0;0;0;0;0;0;0;0;0;0;0;0;0;0;0;0;0;0;0;0;0;0;0;0;0;0;0;0;0;0;0;0;0;0;0;0;0;0;0;0;0;0;0;0;0
Zona_355;0;1;0;0;0;0;3;0;0;0;1;1;0;0;0;0;0;1;0;0;0;0;1;2;1;2;0;1;7;0;0;0;0;0;2;0;1;0;1;0;1;0;1;3;1;0;0;0;0;2;0;1;0;1;0;1;1;0;1;0;0;0;0;0
Zona_356;0;0;0;0;0;0;0;0;0;0;0;0;0;0;0;1;0;0;0;0;0;0;0;0;0;0;0;0;0;0;0;0;0;0;0;0;0;0;0;0;0;0;0;0;0;0;0;0;0;0;0;0;0;0;0;0;0;0;0;0;0;0;0;0
Total;223;360;183;167;186;207;674;778;865;188;171;150;192;210;608;239;141;211;251;153;281;91;158;173;173;421;148;409;455;111;114;185;207;188;476;374;125;115;93;123;148;467;162;141;204;358;144;218;125;110;143;101;139;104;95;86;171;112;125;105;114;144;96;106
